id,estado,fecha_registro,fecha_modificacion,name,ap,am,foto,Carrera,area_id,estudio_id,usuario_id
1,false,2022-12-06,2022-10-22,Gennifer,Bumby,Mityashev,imagenes/images.jpg,Derecho,1,6,1
2,true,2022-08-12,2022-04-04,Sidney,Pover,Adriano,imagenes/images.jpg,Diseño,5,3,1
3,true,2022-03-05,2022-10-21,Ellynn,Seel,Burbidge,imagenes/descarga.jpg,Administracion,3,2,1
4,true,2022-07-09,2022-02-25,Adriena,Shortell,Whylie,imagenes/images.jpg,Derecho,1,1,1
5,false,2022-07-13,2022-09-29,Hattie,Coulson,Marte,imagenes/descarga.jpg,Ingeniero,4,6,1
6,true,2022-02-22,2022-10-02,Rosana,Dyka,Roof,imagenes/mages_1.jpg,Contabilidad,4,3,1
7,true,2022-07-20,2022-03-11,Dayle,Gales,Elvins,imagenes/images.jpg,General,1,5,1
8,false,2022-11-12,2022-11-08,Halimeda,Dunridge,St Leger,imagenes/descarga_1.jpg,Sistemas,2,2,1
9,false,2022-12-31,2022-11-02,Egor,Windeatt,Slamaker,imagenes/mages_1.jpg,Sistemas,2,5,1
10,false,2022-02-25,2023-01-22,Helaina,Hardage,Rewcassell,imagenes/images.jpg,Administracion,1,5,1
11,true,2022-10-29,2023-01-18,Olivero,Varker,Bock,imagenes/descarga.jpg,Contabilidad,1,4,1
12,true,2022-10-02,2022-11-09,Jamal,Shipman,Hembling,imagenes/descarga.jpg,General,2,1,1
13,false,2022-06-12,2022-11-06,Lyndsey,Clayill,Vardon,imagenes/descarga.jpg,Contabilidad,2,3,1
14,true,2023-01-13,2022-06-27,Beaufort,Ville,Brownscombe,imagenes/mages_1.jpg,Ingeniero,5,1,1
15,false,2022-11-20,2022-04-24,Flori,Tessyman,Brindle,imagenes/descarga.jpg,Ingeniero,4,5,1
16,false,2022-09-06,2022-05-17,Shepperd,Matashkin,Olohan,imagenes/images.jpg,Ingeniero,4,1,1
17,true,2022-08-10,2022-12-10,Abran,Corston,Trenaman,imagenes/descarga.jpg,Diseño,5,6,1
18,false,2022-05-15,2022-09-13,Ashley,Rothert,Brambill,imagenes/descarga.jpg,Contabilidad,3,2,1
19,true,2022-03-07,2022-12-08,Hakeem,Briskey,Hawthorn,imagenes/descarga_1.jpg,Derecho,4,6,1
20,false,2022-12-05,2022-06-30,Linet,Sprankling,Klimashevich,imagenes/descarga.jpg,Derecho,2,4,1
21,false,2022-05-22,2022-03-23,Wilden,Ruse,Sapsford,imagenes/images.jpg,Derecho,4,6,1
22,true,2022-05-19,2023-01-24,Stacy,Curneen,Oxer,imagenes/images.jpg,Administracion,5,2,1
23,true,2023-01-20,2022-03-16,Pooh,Todhunter,Sooper,imagenes/mages_1.jpg,Contabilidad,4,5,1
24,true,2022-12-29,2022-04-09,Leonie,Doncaster,Tregien,imagenes/descarga_1.jpg,General,4,2,1
25,false,2022-08-31,2022-05-31,Sergei,Sones,Tsarovic,imagenes/images.jpg,Administracion,2,3,1
26,true,2022-10-31,2022-04-13,Marcos,Ciccarelli,Klich,imagenes/images.jpg,General,2,1,1
27,false,2022-07-10,2022-10-11,Thorsten,MacDougal,Songist,imagenes/descarga.jpg,Diseño,2,3,1
28,false,2022-06-04,2022-05-06,Hunter,Harkus,Bruckstein,imagenes/mages_1.jpg,Diseño,2,4,1
29,false,2022-02-25,2023-01-11,Rea,Cockill,Fridd,imagenes/descarga_1.jpg,Sistemas,5,2,1
30,true,2023-02-09,2022-06-05,Jess,Petrichat,Ginnaly,imagenes/descarga_1.jpg,Derecho,4,6,1
31,true,2022-02-17,2022-11-11,Dorri,Kebell,Neiland,imagenes/descarga.jpg,Administracion,2,6,1
32,true,2022-05-31,2022-09-29,Kalvin,Taleworth,Norquoy,imagenes/images.jpg,Administracion,1,4,1
33,false,2022-06-22,2022-08-12,Millicent,Farmery,Rikard,imagenes/descarga.jpg,Derecho,5,2,1
34,false,2022-09-20,2023-01-06,Michal,Thorndycraft,Ibbett,imagenes/images.jpg,Contabilidad,3,1,1
35,true,2022-12-04,2023-01-20,Antonius,Bartholomaus,Pear,imagenes/descarga.jpg,Administracion,1,4,1
36,true,2022-10-31,2022-08-15,Lida,Bygrave,Smythin,imagenes/images.jpg,Sistemas,1,3,1
37,false,2022-08-04,2022-06-03,Upton,Lacotte,Didsbury,imagenes/descarga.jpg,Administracion,5,5,1
38,false,2022-10-26,2023-01-03,Burnard,Claus,Edmeads,imagenes/descarga.jpg,Ingeniero,4,4,1
39,false,2022-11-09,2022-10-07,Nevin,MacGuffie,Crack,imagenes/mages_1.jpg,Contabilidad,1,2,1
40,false,2022-08-25,2022-03-22,Rriocard,Breagan,Manser,imagenes/mages_1.jpg,Contabilidad,4,3,1
41,true,2022-03-08,2022-08-02,Clayborne,Tatham,Gummow,imagenes/descarga_1.jpg,Diseño,5,5,1
42,false,2022-07-14,2022-12-21,Marcia,Wiz,Andri,imagenes/descarga.jpg,Diseño,4,4,1
43,false,2022-08-21,2023-02-20,Myrta,Lidden,Rivlin,imagenes/descarga.jpg,Sistemas,2,2,1
44,false,2022-11-14,2022-10-27,Caresa,Stidworthy,William,imagenes/images.jpg,Sistemas,4,4,1
45,false,2023-02-11,2022-12-17,Leonora,Hawtry,Martins,imagenes/mages_1.jpg,Administracion,5,4,1
46,true,2023-01-27,2022-03-10,Judi,Limon,De Benedictis,imagenes/mages_1.jpg,Contabilidad,1,2,1
47,true,2022-06-29,2022-12-02,Filmore,Clemintoni,Houtbie,imagenes/descarga_1.jpg,Sistemas,4,3,1
48,true,2022-02-23,2022-11-25,Brant,Spyby,Lattey,imagenes/descarga.jpg,Diseño,1,6,1
49,false,2022-08-26,2022-06-05,Bent,Doel,Autry,imagenes/images.jpg,Contabilidad,5,6,1
50,false,2022-06-16,2022-05-12,Briana,Garoghan,Malser,imagenes/descarga_1.jpg,General,4,6,1
51,false,2022-08-09,2022-07-02,Wilden,Ygo,Belchamp,imagenes/descarga.jpg,General,3,1,1
52,true,2022-10-23,2022-03-10,Carolyne,Moran,Spillett,imagenes/images.jpg,Administracion,4,2,1
53,false,2022-10-04,2022-04-23,Nataline,Eveleigh,Killingworth,imagenes/mages_1.jpg,Ingeniero,4,2,1
54,true,2022-10-24,2023-01-12,Kincaid,Barthram,MacPeice,imagenes/images.jpg,Sistemas,5,6,1
55,true,2023-02-04,2022-05-25,Haywood,Beldam,Duckham,imagenes/descarga_1.jpg,Ingeniero,4,4,1
56,true,2022-09-10,2022-04-07,Jilly,McKillop,Lightbourn,imagenes/descarga_1.jpg,Sistemas,2,1,1
57,false,2022-04-08,2022-12-20,Chalmers,Leyshon,Van der Brug,imagenes/images.jpg,Diseño,3,6,1
58,false,2022-02-26,2023-01-27,Ailyn,Attryde,Albrighton,imagenes/images.jpg,Contabilidad,3,3,1
59,false,2022-02-13,2022-05-17,Mikkel,Sikorski,Angliss,imagenes/mages_1.jpg,General,4,3,1
60,false,2022-02-24,2023-01-28,Cornelle,Simononsky,Tubritt,imagenes/mages_1.jpg,Administracion,2,3,1
61,true,2022-10-11,2022-12-22,Kippy,Tunder,Veare,imagenes/descarga.jpg,Sistemas,4,1,1
62,false,2022-08-05,2022-03-11,Ash,Fero,Ivanuschka,imagenes/mages_1.jpg,Contabilidad,3,2,1
63,true,2022-10-06,2022-04-11,Freida,Dinley,Ceeley,imagenes/descarga.jpg,Contabilidad,1,1,1
64,false,2022-12-25,2022-03-09,Allan,Beardsdale,Robrose,imagenes/descarga.jpg,Administracion,3,4,1
65,false,2023-01-28,2022-10-04,Darline,Wrates,Bowbrick,imagenes/images.jpg,General,5,2,1
66,false,2022-06-13,2023-02-14,Penn,Tuckie,Gingedale,imagenes/mages_1.jpg,General,5,3,1
67,true,2022-11-12,2022-11-02,Curry,Bang,Stormes,imagenes/descarga_1.jpg,Contabilidad,2,5,1
68,false,2022-07-27,2022-07-31,Delmore,O'Crigan,O'Shaughnessy,imagenes/images.jpg,Diseño,2,3,1
69,true,2022-06-24,2023-01-25,Torie,Fotheringham,Gerauld,imagenes/descarga.jpg,Diseño,2,4,1
70,true,2022-09-16,2022-05-27,Marya,Clowney,Presslee,imagenes/images.jpg,Administracion,1,6,1
71,false,2022-08-15,2022-12-12,Alla,Wallett,Chasier,imagenes/descarga.jpg,Diseño,1,5,1
72,false,2022-05-12,2022-08-13,Karola,Caldicott,Morigan,imagenes/descarga.jpg,Contabilidad,1,5,1
73,true,2023-02-04,2022-10-15,Lorry,Godehard.sf,Roches,imagenes/images.jpg,Administracion,1,2,1
74,true,2022-02-02,2022-05-12,Rebecca,Fincke,Das,imagenes/descarga_1.jpg,Diseño,3,2,1
75,false,2022-10-01,2022-07-01,Mersey,Battman,Siemons,imagenes/images.jpg,Derecho,5,2,1
76,false,2022-08-14,2022-10-12,Wanda,Craigheid,Stellman,imagenes/descarga.jpg,Ingeniero,4,6,1
77,false,2022-06-29,2023-02-19,Melany,Slemming,Salkild,imagenes/descarga_1.jpg,Sistemas,2,5,1
78,false,2022-04-28,2022-06-22,Emile,Clarae,Aronowicz,imagenes/descarga_1.jpg,Derecho,2,3,1
79,true,2022-07-26,2023-02-22,Florenza,Whalebelly,Brounfield,imagenes/images.jpg,Administracion,1,5,1
80,false,2022-08-19,2023-01-06,Bearnard,Boone,Ilyinski,imagenes/images.jpg,General,5,2,1
81,true,2022-11-08,2022-06-02,Lucinda,Casterot,Horstead,imagenes/descarga.jpg,Diseño,5,2,1
82,true,2022-10-12,2022-05-17,Wallis,Stoffler,Dowle,imagenes/descarga_1.jpg,Diseño,5,3,1
83,false,2022-10-20,2022-07-20,Mozelle,Pardew,Spilsbury,imagenes/descarga_1.jpg,Contabilidad,3,4,1
84,false,2022-09-25,2022-09-24,Linn,Konig,Bottrell,imagenes/descarga_1.jpg,General,3,6,1
85,false,2022-03-12,2023-02-04,Benjamin,Redolfi,Langthorne,imagenes/images.jpg,Derecho,3,2,1
86,false,2022-02-16,2022-06-10,Phip,Gommey,Gelsthorpe,imagenes/descarga_1.jpg,Diseño,4,6,1
87,false,2022-03-26,2022-03-03,Ariadne,Brewett,Divver,imagenes/descarga_1.jpg,Diseño,5,5,1
88,true,2022-09-23,2022-12-28,Nolly,Clampton,Broster,imagenes/descarga_1.jpg,Diseño,1,5,1
89,false,2022-03-09,2022-05-09,Lavina,Llewellin,Murgatroyd,imagenes/mages_1.jpg,General,5,5,1
90,false,2022-04-13,2022-04-10,Lani,Wrassell,Gonning,imagenes/descarga_1.jpg,Contabilidad,4,3,1
91,true,2022-05-30,2022-11-18,Marty,Baudesson,Piscopiello,imagenes/descarga.jpg,General,1,1,1
92,false,2022-03-13,2022-07-09,Nathalie,Driffield,McNeish,imagenes/descarga_1.jpg,Ingeniero,1,4,1
93,true,2022-10-06,2022-10-31,Trixy,Weinberg,Dragonette,imagenes/descarga_1.jpg,Ingeniero,1,6,1
94,true,2022-09-25,2022-06-22,Jessamine,Stevenson,Palfrie,imagenes/mages_1.jpg,Diseño,3,4,1
95,false,2022-04-18,2023-01-10,Erik,Ritmeier,Brooksby,imagenes/images.jpg,Derecho,1,4,1
96,true,2022-12-26,2022-10-07,Blair,Snoxall,Kyffin,imagenes/descarga_1.jpg,Sistemas,1,1,1
97,true,2022-08-29,2023-02-03,Kara-lynn,Sebley,Haldenby,imagenes/mages_1.jpg,General,3,4,1
98,true,2022-06-29,2022-10-07,Jacki,Rowes,Richie,imagenes/images.jpg,Administracion,3,1,1
99,true,2022-07-24,2022-03-15,Gunilla,Bartlosz,Guildford,imagenes/descarga_1.jpg,Contabilidad,3,1,1
100,false,2022-10-06,2022-10-07,Stephannie,Aizikov,Mound,imagenes/images.jpg,Ingeniero,4,4,1
101,true,2022-09-24,2022-04-22,Lilith,Newe,Hains,imagenes/descarga.jpg,Derecho,5,6,1
102,false,2022-11-06,2022-09-02,Nathalia,Hendrickx,Tasseler,imagenes/images.jpg,Ingeniero,3,1,1
103,true,2022-10-15,2022-08-02,Lock,Drysdall,Clace,imagenes/images.jpg,Contabilidad,4,4,1
104,true,2022-06-05,2022-08-15,Theresa,Segrave,Westhoff,imagenes/mages_1.jpg,General,4,4,1
105,false,2022-11-11,2022-12-11,Tanitansy,Malletratt,Hinchshaw,imagenes/images.jpg,Ingeniero,4,6,1
106,true,2022-09-05,2022-04-11,Sheryl,Anton,Broomhall,imagenes/images.jpg,Administracion,5,5,1
107,true,2022-04-10,2022-08-27,Yuma,Brind,Doubrava,imagenes/descarga_1.jpg,Sistemas,3,5,1
108,true,2022-08-26,2022-06-30,Aldwin,Esplin,Dautry,imagenes/images.jpg,Diseño,5,3,1
109,false,2022-07-08,2022-08-23,Hynda,Ensley,Queen,imagenes/mages_1.jpg,Diseño,5,4,1
110,true,2022-03-21,2022-09-17,Deana,Scotson,Farrington,imagenes/mages_1.jpg,General,4,2,1
111,false,2022-10-15,2022-04-20,Dorris,Mannagh,Oswick,imagenes/mages_1.jpg,General,3,2,1
112,false,2022-09-15,2022-12-20,Antons,Wartonby,Creevy,imagenes/mages_1.jpg,Contabilidad,4,1,1
113,true,2022-12-19,2022-11-27,Dorelia,Brixey,O'Farrell,imagenes/descarga_1.jpg,Derecho,5,3,1
114,true,2022-04-10,2022-11-12,Terry,Sibbet,Howgego,imagenes/images.jpg,Diseño,5,1,1
115,false,2022-11-21,2022-11-23,Demeter,Rosenzwig,Nevett,imagenes/descarga.jpg,General,5,2,1
116,true,2022-05-23,2022-03-17,Vanni,Pallasch,Dunsire,imagenes/descarga.jpg,Derecho,3,3,1
117,false,2022-08-31,2022-04-08,Paquito,Rosell,Pidgeon,imagenes/mages_1.jpg,Contabilidad,4,1,1
118,false,2022-05-23,2022-10-07,Celestine,Bandt,Meys,imagenes/descarga_1.jpg,General,3,6,1
119,false,2022-03-06,2022-03-07,Raimundo,Grainge,Weatherburn,imagenes/descarga_1.jpg,Administracion,4,6,1
120,true,2022-04-21,2022-12-08,Cinnamon,Heakey,Smees,imagenes/images.jpg,Ingeniero,2,6,1
121,false,2022-06-14,2023-01-23,Dacie,Base,Gisby,imagenes/descarga.jpg,Administracion,1,1,1
122,true,2022-06-28,2022-10-15,Jacques,Elliston,Doggett,imagenes/descarga_1.jpg,Ingeniero,2,4,1
123,false,2022-12-30,2022-07-02,Rycca,O'Fairy,Kynnd,imagenes/images.jpg,General,2,3,1
124,true,2022-04-30,2022-09-08,Adrea,Latch,Bastock,imagenes/descarga_1.jpg,Sistemas,1,4,1
125,true,2023-02-17,2023-01-03,Rubina,Eveling,Clint,imagenes/images.jpg,Ingeniero,4,4,1
126,true,2022-07-20,2023-02-03,Elwood,Bremmell,Longdon,imagenes/mages_1.jpg,Diseño,5,4,1
127,true,2022-04-03,2022-08-17,Job,Bertelmot,Todarini,imagenes/descarga_1.jpg,Administracion,3,1,1
128,false,2022-02-12,2022-12-16,Melisse,Chapelle,Klaggeman,imagenes/mages_1.jpg,Derecho,1,2,1
129,false,2022-03-03,2022-09-02,Ellissa,Burehill,Palister,imagenes/descarga_1.jpg,Contabilidad,1,2,1
130,false,2022-09-07,2022-10-09,Gertie,Thiolier,Maultby,imagenes/mages_1.jpg,Contabilidad,3,6,1
131,true,2022-10-02,2022-11-29,Erica,Rosellini,Aleavy,imagenes/images.jpg,Contabilidad,5,6,1
132,true,2022-03-12,2022-07-19,Gregoire,Jouhning,Waterfield,imagenes/descarga_1.jpg,Ingeniero,3,3,1
133,true,2022-06-12,2022-03-22,Dulcie,Sowray,Roelvink,imagenes/descarga.jpg,Diseño,1,1,1
134,true,2022-07-15,2022-12-17,Jolie,Reiglar,Donohue,imagenes/descarga_1.jpg,Sistemas,2,1,1
135,true,2023-02-08,2022-06-07,Emelina,Ossenna,Brixey,imagenes/descarga_1.jpg,Administracion,1,1,1
136,true,2022-04-19,2023-01-19,Ashlen,Buffin,Cartmale,imagenes/descarga_1.jpg,Ingeniero,2,4,1
137,false,2022-05-12,2023-02-11,Datha,Bertwistle,Stratley,imagenes/descarga.jpg,Contabilidad,3,5,1
138,false,2022-05-23,2022-11-02,Kalila,Simek,Godsil,imagenes/images.jpg,General,4,5,1
139,false,2022-05-16,2022-03-07,Karrie,Hakonsen,Halvosen,imagenes/descarga.jpg,Ingeniero,1,6,1
140,true,2022-06-22,2022-06-24,Chas,Todeo,Shory,imagenes/descarga.jpg,Diseño,3,2,1
141,false,2022-11-19,2023-01-23,Vanna,Lauderdale,Seyers,imagenes/mages_1.jpg,Diseño,1,3,1
142,true,2023-02-01,2022-11-11,Roger,Sidey,Kelberer,imagenes/mages_1.jpg,Diseño,5,2,1
143,true,2022-05-24,2022-12-30,Ebony,Bambrick,Arnaez,imagenes/descarga_1.jpg,Sistemas,5,3,1
144,true,2022-03-10,2022-03-29,Barnard,Mathe,Rogerson,imagenes/descarga_1.jpg,Diseño,5,2,1
145,true,2022-12-13,2022-05-30,Silvie,Bernaciak,Burleton,imagenes/mages_1.jpg,Administracion,5,5,1
146,true,2023-02-18,2022-06-03,Hephzibah,Swiffan,Bowring,imagenes/images.jpg,Diseño,2,1,1
147,false,2022-11-15,2022-04-09,Corrina,Middle,Worshall,imagenes/descarga_1.jpg,Sistemas,2,3,1
148,false,2022-04-05,2022-05-18,Antonin,Ettles,Prichet,imagenes/descarga_1.jpg,Derecho,3,2,1
149,true,2022-08-27,2022-04-02,Hallsy,Salkild,Truckett,imagenes/images.jpg,Administracion,3,5,1
150,false,2022-03-13,2022-06-02,Dorris,Dyer,Fassman,imagenes/mages_1.jpg,Contabilidad,2,6,1
151,true,2023-01-09,2022-03-27,Aleen,Kenrick,Martineau,imagenes/mages_1.jpg,Contabilidad,2,6,1
152,true,2022-11-25,2022-06-03,Rriocard,Dunseath,Gino,imagenes/descarga_1.jpg,Diseño,3,4,1
153,true,2022-03-08,2023-02-20,Kleon,Kilbane,Mariner,imagenes/descarga_1.jpg,Ingeniero,4,5,1
154,true,2022-08-01,2023-01-19,Alameda,Clayton,Houdmont,imagenes/images.jpg,Administracion,2,2,1
155,false,2023-01-04,2022-11-15,Amalee,Horley,Dagless,imagenes/descarga_1.jpg,Ingeniero,1,2,1
156,true,2022-03-30,2022-10-30,Donna,Mantrup,Meiklejohn,imagenes/descarga_1.jpg,Diseño,5,6,1
157,true,2022-10-12,2022-10-14,Alikee,Attkins,Passy,imagenes/descarga.jpg,Contabilidad,2,3,1
158,false,2022-03-16,2023-01-05,Marybeth,Hulks,Sliman,imagenes/mages_1.jpg,Diseño,5,3,1
159,false,2022-04-24,2022-07-10,Freddy,Prettjohn,Martineau,imagenes/descarga_1.jpg,Administracion,1,5,1
160,false,2022-07-12,2022-04-30,Lindsey,Rubinek,Leechman,imagenes/descarga.jpg,Derecho,3,4,1
161,true,2022-06-18,2022-12-12,Mylo,Lafoy,Emmines,imagenes/mages_1.jpg,Diseño,3,1,1
162,false,2023-02-05,2023-01-07,Sioux,Ditch,Phinnessy,imagenes/descarga.jpg,Ingeniero,4,1,1
163,true,2023-02-04,2022-09-26,Minerva,Brewins,Seldon,imagenes/descarga_1.jpg,Diseño,1,2,1
164,true,2023-01-29,2023-01-09,Morse,Crabtree,Galiero,imagenes/descarga.jpg,Ingeniero,5,6,1
165,true,2022-06-11,2022-05-15,Courtney,Feathers,Cisson,imagenes/images.jpg,Administracion,1,6,1
166,false,2022-06-28,2022-06-19,Bertram,Knocker,Greenhalgh,imagenes/mages_1.jpg,General,4,3,1
167,false,2023-01-26,2022-06-27,Millicent,Cromie,Vaines,imagenes/descarga_1.jpg,Contabilidad,3,6,1
168,false,2023-01-30,2023-01-01,Allegra,O'Sherin,Gresley,imagenes/descarga.jpg,Administracion,1,1,1
169,true,2022-08-06,2022-06-16,Tyrone,Farans,Simeon,imagenes/descarga_1.jpg,Diseño,5,2,1
170,true,2023-02-09,2022-04-05,Yorgos,Mate,Pickup,imagenes/descarga_1.jpg,Sistemas,1,5,1
171,false,2022-08-12,2023-01-03,Wildon,Kilmurry,Jeannard,imagenes/descarga_1.jpg,Ingeniero,1,6,1
172,true,2022-10-09,2023-02-21,Talbert,Hoggan,Kybert,imagenes/mages_1.jpg,Contabilidad,4,4,1
173,true,2022-08-09,2022-07-06,Cordy,Challenor,Ingleson,imagenes/images.jpg,Ingeniero,2,2,1
174,false,2022-10-11,2022-11-18,Vanya,Reville,Blinde,imagenes/descarga.jpg,Sistemas,1,3,1
175,false,2022-04-23,2022-03-06,John,McPeck,Steffens,imagenes/images.jpg,Ingeniero,2,2,1
176,true,2022-08-30,2022-04-10,Deeann,Bracci,Roadnight,imagenes/images.jpg,Diseño,1,3,1
177,true,2023-02-14,2022-03-08,Raul,Lonsbrough,Bromont,imagenes/descarga_1.jpg,Administracion,3,4,1
178,true,2022-06-30,2022-06-23,Annmarie,Janoch,Vasiliev,imagenes/descarga.jpg,Ingeniero,4,3,1
179,true,2022-05-24,2022-12-08,Alleyn,Benthall,Lindeberg,imagenes/descarga_1.jpg,Sistemas,5,1,1
180,true,2023-01-09,2022-12-31,Dollie,McVeagh,Avrahamian,imagenes/descarga.jpg,Sistemas,1,5,1
181,true,2022-08-12,2022-08-04,Angeli,Chislett,Friar,imagenes/mages_1.jpg,Contabilidad,3,6,1
182,false,2022-12-28,2022-09-01,Carolann,Dencs,Bumpus,imagenes/descarga.jpg,Diseño,2,6,1
183,true,2022-11-04,2022-06-13,Leyla,Razzell,Barthelemy,imagenes/images.jpg,Contabilidad,3,1,1
184,false,2022-04-02,2023-02-02,Violet,Lisimore,Poluzzi,imagenes/mages_1.jpg,Sistemas,3,6,1
185,false,2022-06-24,2022-11-28,Vale,Mursell,Purdey,imagenes/descarga_1.jpg,Ingeniero,2,3,1
186,true,2022-12-29,2022-11-12,Lindon,Gohn,Brome,imagenes/images.jpg,Ingeniero,1,6,1
187,true,2022-09-05,2022-08-04,Carol,Gopsill,Kener,imagenes/mages_1.jpg,Administracion,5,3,1
188,false,2022-03-05,2022-07-26,Marilee,Gamwell,Edyson,imagenes/images.jpg,General,3,2,1
189,true,2022-03-09,2022-10-15,Zach,Guisot,Joul,imagenes/descarga.jpg,General,1,6,1
190,true,2022-06-12,2022-05-14,Isahella,Ganny,Overill,imagenes/images.jpg,Sistemas,5,4,1
191,false,2022-09-29,2022-12-22,Ellissa,Pardew,Pile,imagenes/descarga_1.jpg,Diseño,1,5,1
192,false,2022-11-11,2023-01-16,Bonnibelle,Kaasmann,Deval,imagenes/descarga.jpg,Sistemas,5,3,1
193,true,2022-03-14,2022-03-23,Drucie,Mechem,Scholey,imagenes/images.jpg,Administracion,3,2,1
194,true,2022-06-28,2022-10-31,Betsey,Gulliman,Bernard,imagenes/descarga_1.jpg,Contabilidad,1,6,1
195,false,2022-12-01,2022-03-18,Cristionna,Buttress,Amor,imagenes/images.jpg,Diseño,2,6,1
196,true,2023-01-12,2022-12-15,Paola,Bonwell,Kirsop,imagenes/mages_1.jpg,Diseño,1,1,1
197,true,2022-03-05,2022-08-03,Orlando,Tippings,Mogenot,imagenes/mages_1.jpg,Sistemas,4,1,1
198,true,2022-05-28,2023-02-18,Milly,Abramovitz,Alben,imagenes/mages_1.jpg,Contabilidad,4,4,1
199,true,2023-01-22,2022-11-18,Buiron,Meekin,Vanyatin,imagenes/descarga.jpg,Sistemas,5,6,1
200,true,2022-05-05,2022-10-13,Vergil,Hannigane,Ancketill,imagenes/mages_1.jpg,Contabilidad,3,5,1
201,true,2022-10-17,2022-12-26,Harriet,Cridlin,Broxholme,imagenes/descarga_1.jpg,Derecho,3,1,1
202,false,2022-02-25,2022-10-22,Nonah,Truggian,Stalf,imagenes/descarga.jpg,Sistemas,4,1,1
203,false,2022-11-14,2022-03-09,Corenda,Whittock,Tommis,imagenes/descarga.jpg,Ingeniero,2,2,1
204,false,2022-06-30,2022-08-02,Christopher,Calverley,Chastaing,imagenes/images.jpg,Administracion,1,5,1
205,true,2022-03-14,2022-09-29,Nan,Ickowicz,Riccardi,imagenes/descarga_1.jpg,Derecho,5,4,1
206,true,2022-06-24,2023-01-07,Lenna,Hardisty,Gregon,imagenes/images.jpg,Contabilidad,1,2,1
207,true,2022-06-10,2022-12-04,Vernice,Kytter,Tacey,imagenes/images.jpg,Derecho,5,5,1
208,false,2022-06-14,2022-06-13,Chandler,Matthai,Bamb,imagenes/descarga.jpg,Diseño,2,5,1
209,true,2023-02-02,2023-01-29,Inez,Klesse,Emerton,imagenes/images.jpg,Sistemas,1,1,1
210,false,2022-12-15,2022-08-02,Keely,Grimditch,Matuszyk,imagenes/descarga_1.jpg,General,3,3,1
211,true,2023-01-31,2022-03-21,Ivar,Baskeyfield,Strangeway,imagenes/descarga.jpg,Derecho,3,6,1
212,true,2022-04-23,2022-03-29,Hieronymus,Comolli,Grishankov,imagenes/mages_1.jpg,General,2,1,1
213,true,2022-05-26,2022-10-11,Vilhelmina,O'Connel,Gerge,imagenes/descarga_1.jpg,Administracion,3,3,1
214,true,2022-11-10,2022-08-03,Clair,Galgey,Bamfield,imagenes/mages_1.jpg,Sistemas,4,4,1
215,true,2022-12-08,2022-12-04,Minnaminnie,Tremelling,Heintsch,imagenes/mages_1.jpg,General,3,2,1
216,true,2023-01-24,2022-08-15,Arlette,Farlowe,Bonfield,imagenes/images.jpg,Sistemas,2,5,1
217,true,2022-12-16,2022-08-20,Aleda,Jerg,Silson,imagenes/images.jpg,General,2,2,1
218,true,2022-10-18,2022-03-27,Patricia,Twigley,Bruin,imagenes/descarga_1.jpg,Ingeniero,1,1,1
219,true,2022-04-29,2022-05-14,Dolores,Egle,Sapir,imagenes/descarga.jpg,General,3,1,1
220,true,2022-05-17,2022-11-21,Terrence,Vanstone,Newborn,imagenes/descarga.jpg,General,4,3,1
221,false,2022-11-29,2023-02-11,Sharron,Oakman,Baugh,imagenes/mages_1.jpg,Diseño,2,5,1
222,true,2022-04-29,2022-11-13,Juli,MacCaig,Huitson,imagenes/descarga_1.jpg,Contabilidad,3,4,1
223,false,2022-11-22,2022-04-22,Annamarie,Basley,Cruddas,imagenes/images.jpg,Derecho,5,2,1
224,false,2022-06-04,2022-06-23,Gannon,Radbond,Wandless,imagenes/descarga.jpg,Sistemas,5,6,1
225,true,2022-06-18,2022-07-25,Nari,Wale,Dillingham,imagenes/mages_1.jpg,Derecho,5,4,1
226,true,2022-08-02,2022-08-11,Chick,Petkovic,Gilfoyle,imagenes/descarga.jpg,Ingeniero,3,5,1
227,true,2022-11-11,2022-08-03,Huberto,Deeble,MacAne,imagenes/descarga.jpg,Administracion,4,3,1
228,true,2022-11-11,2022-08-22,Edgardo,Kupper,Kynd,imagenes/descarga.jpg,General,5,5,1
229,true,2022-02-18,2022-09-15,Rayner,Boriston,Szanto,imagenes/descarga.jpg,Sistemas,1,3,1
230,false,2022-06-13,2022-12-05,Eldredge,Fidoe,Mudd,imagenes/descarga_1.jpg,Derecho,1,4,1
231,false,2022-04-18,2022-02-26,Ricki,Cowerd,Lyes,imagenes/images.jpg,Administracion,4,6,1
232,true,2022-04-01,2022-04-29,Fanchon,Dransfield,Myrick,imagenes/descarga.jpg,General,1,5,1
233,true,2022-07-20,2022-12-20,Maisie,Pinwill,Shanklin,imagenes/descarga_1.jpg,Diseño,2,2,1
234,true,2022-10-20,2022-05-08,Darwin,McPherson,Meredyth,imagenes/descarga.jpg,Diseño,3,4,1
235,false,2022-11-07,2022-07-04,Trudy,Buller,Reightley,imagenes/images.jpg,Administracion,3,2,1
236,false,2022-02-19,2022-10-19,Toiboid,Shank,Webby,imagenes/descarga_1.jpg,General,5,3,1
237,false,2022-05-29,2022-11-20,Hewitt,Doumerc,Firmage,imagenes/descarga.jpg,Derecho,5,1,1
238,false,2022-05-10,2022-03-17,Niall,Westraw,O'Sharkey,imagenes/descarga.jpg,Ingeniero,4,6,1
239,true,2022-04-21,2022-08-15,Lexy,Southward,Verrechia,imagenes/mages_1.jpg,Ingeniero,4,5,1
240,true,2022-08-25,2023-01-26,Alex,Matthaus,Blincoe,imagenes/descarga_1.jpg,Ingeniero,5,6,1
241,true,2022-11-02,2023-01-20,Teddie,Fakes,Tackle,imagenes/images.jpg,Ingeniero,4,1,1
242,true,2022-03-10,2022-10-07,Kalil,Balbeck,Bernaciak,imagenes/descarga_1.jpg,Ingeniero,4,2,1
243,false,2023-02-01,2022-12-19,Selinda,Stonman,Overy,imagenes/images.jpg,Contabilidad,3,5,1
244,false,2023-02-15,2022-06-01,Claresta,Waple,Edling,imagenes/mages_1.jpg,General,3,4,1
245,false,2022-11-15,2023-02-11,Elysia,Lalor,Feria,imagenes/descarga_1.jpg,Ingeniero,4,1,1
246,false,2022-06-23,2022-04-26,Mendy,Benford,Jurczyk,imagenes/descarga_1.jpg,Ingeniero,2,3,1
247,true,2022-07-11,2023-01-12,Raimondo,Methringham,Rappport,imagenes/mages_1.jpg,Administracion,4,5,1
248,false,2022-07-10,2022-12-01,Gregorius,Reubbens,Pyle,imagenes/descarga.jpg,Derecho,1,4,1
249,true,2022-02-17,2022-11-21,Luci,Londing,Risbie,imagenes/images.jpg,Contabilidad,5,2,1
250,true,2022-04-13,2022-06-29,Bernadine,Liepmann,Lorait,imagenes/descarga.jpg,Sistemas,1,1,1
251,true,2023-01-12,2023-02-04,Ilario,Kopman,Regglar,imagenes/descarga_1.jpg,Sistemas,3,6,1
252,false,2022-02-25,2022-07-14,Kathie,Newark,Atterbury,imagenes/images.jpg,Sistemas,2,3,1
253,false,2022-07-06,2022-03-24,Cloris,Klehn,Cleaveland,imagenes/descarga_1.jpg,Derecho,2,6,1
254,true,2022-03-17,2022-12-08,Ara,Davidson,Romera,imagenes/images.jpg,Contabilidad,4,1,1
255,false,2022-08-06,2022-06-12,Bradley,Bergstrand,Desborough,imagenes/mages_1.jpg,Derecho,2,5,1
256,false,2022-04-03,2022-06-26,Loella,Chancelier,Larderot,imagenes/images.jpg,Diseño,1,5,1
257,false,2023-01-31,2022-11-11,Moise,O' Faherty,Dignam,imagenes/descarga_1.jpg,Ingeniero,2,1,1
258,false,2022-07-23,2022-06-22,Cedric,Cabbell,Willbourne,imagenes/mages_1.jpg,Ingeniero,4,4,1
259,true,2022-11-11,2023-02-06,Bibby,Attlee,Alabone,imagenes/mages_1.jpg,Sistemas,5,3,1
260,true,2022-12-28,2022-04-26,Brewer,Mathys,Desquesnes,imagenes/descarga.jpg,Sistemas,4,1,1
261,false,2022-03-13,2022-12-25,Ardelis,Eacott,Groundwater,imagenes/images.jpg,Ingeniero,4,5,1
262,true,2022-07-20,2023-01-17,Marilyn,McIllroy,Duns,imagenes/images.jpg,Administracion,2,2,1
263,true,2022-03-12,2022-09-06,Winn,Metrick,Seacombe,imagenes/images.jpg,Derecho,3,3,1
264,true,2022-12-12,2022-10-07,Clarette,Romanet,Spaice,imagenes/images.jpg,Derecho,5,1,1
265,false,2022-12-14,2022-12-03,Gabbi,Shevlan,Casado,imagenes/descarga_1.jpg,Diseño,2,3,1
266,false,2022-09-24,2022-11-23,Tess,Landers,Feron,imagenes/images.jpg,Ingeniero,2,3,1
267,true,2023-02-03,2022-04-30,Torin,Wadeson,Kelsow,imagenes/images.jpg,General,1,5,1
268,true,2022-04-17,2022-04-06,Andria,Hedau,Shorthouse,imagenes/descarga_1.jpg,General,1,3,1
269,true,2022-02-04,2022-11-29,Waylin,Gaither,Fyfield,imagenes/mages_1.jpg,Ingeniero,5,3,1
270,true,2022-03-20,2022-05-07,Haleigh,Levinge,Wrey,imagenes/descarga.jpg,Administracion,3,4,1
271,true,2022-07-20,2022-10-18,Arnuad,Ollington,Roskeilly,imagenes/images.jpg,Sistemas,5,3,1
272,false,2022-02-03,2022-12-31,Johannes,Blinerman,Scollard,imagenes/descarga.jpg,Contabilidad,4,1,1
273,true,2022-12-08,2022-04-15,Davon,Harbron,Wills,imagenes/images.jpg,General,2,3,1
274,false,2023-01-26,2022-08-14,Hetti,D'Oyley,Danilin,imagenes/descarga_1.jpg,Ingeniero,5,1,1
275,true,2022-12-30,2022-02-24,Kristien,McMeeking,Windybank,imagenes/mages_1.jpg,Ingeniero,1,5,1
276,true,2023-02-02,2022-10-09,Kristo,Fazzioli,Folomkin,imagenes/descarga_1.jpg,Ingeniero,3,1,1
277,false,2022-05-22,2022-07-22,Ara,Strover,Heyburn,imagenes/mages_1.jpg,Diseño,4,3,1
278,true,2022-06-10,2022-05-04,Olva,Pearse,Jay,imagenes/descarga_1.jpg,Ingeniero,5,5,1
279,false,2022-07-31,2022-12-28,Meryl,Cettell,Tompkiss,imagenes/descarga_1.jpg,Contabilidad,2,3,1
280,true,2022-09-19,2022-12-18,Elvira,Cainey,Petley,imagenes/images.jpg,Derecho,1,3,1
281,false,2022-08-14,2022-05-04,Seline,Vint,Birks,imagenes/images.jpg,Derecho,2,5,1
282,false,2022-05-11,2022-10-10,Fanny,Woollacott,McQuaker,imagenes/descarga.jpg,Administracion,2,3,1
283,true,2022-04-05,2022-04-28,Terrill,Klein,Arnhold,imagenes/descarga.jpg,Contabilidad,4,2,1
284,true,2022-06-20,2022-07-31,Waverly,Robjant,Corringham,imagenes/mages_1.jpg,Derecho,4,6,1
285,false,2022-10-26,2022-02-27,Winifield,Trusler,Brotherwood,imagenes/descarga_1.jpg,Administracion,5,2,1
286,true,2022-10-23,2022-08-24,Marena,Barthelemy,Wheelwright,imagenes/descarga.jpg,Diseño,5,4,1
287,true,2022-08-03,2022-05-14,Bendick,Cardinale,Pavlata,imagenes/mages_1.jpg,Sistemas,1,1,1
288,false,2022-05-28,2022-11-24,Katrine,Paulig,Gresley,imagenes/descarga.jpg,Ingeniero,4,1,1
289,true,2022-11-05,2022-06-05,Jayne,MacMenemy,Jakubovsky,imagenes/images.jpg,Contabilidad,3,6,1
290,false,2023-01-21,2022-11-17,Lawry,Casin,Whetnell,imagenes/images.jpg,Derecho,5,2,1
291,false,2022-02-21,2022-04-12,Coleman,Abendroth,Priddle,imagenes/descarga.jpg,Contabilidad,4,4,1
292,true,2022-12-06,2022-10-16,Bary,Janiak,Redmore,imagenes/descarga_1.jpg,Ingeniero,2,4,1
293,false,2022-08-16,2022-08-05,Sybil,Spaxman,Dyter,imagenes/descarga_1.jpg,Administracion,3,1,1
294,false,2023-01-29,2022-05-25,Annamaria,Bosnell,Brenard,imagenes/descarga_1.jpg,Ingeniero,1,4,1
295,true,2022-08-30,2022-11-25,Sydney,Fawcitt,Clowes,imagenes/descarga_1.jpg,Administracion,2,6,1
296,false,2022-06-02,2023-02-15,Nial,Ferruzzi,Fosserd,imagenes/descarga.jpg,Diseño,5,6,1
297,false,2022-12-20,2022-03-30,Jesse,Yeoland,Grouer,imagenes/images.jpg,Sistemas,5,3,1
298,true,2022-08-15,2022-06-16,Natalee,Bacchus,Mellsop,imagenes/images.jpg,Diseño,2,4,1
299,false,2022-11-08,2022-09-22,Bruce,McCambridge,Somerscales,imagenes/descarga.jpg,Sistemas,5,4,1
300,false,2022-12-29,2022-04-11,Wynn,Brenard,Garroch,imagenes/descarga.jpg,Administracion,2,4,1
301,true,2022-11-28,2022-10-26,Jennie,Bristoe,Luckin,imagenes/descarga_1.jpg,General,5,2,1
302,false,2022-08-12,2022-12-01,Lewes,Children,Brinson,imagenes/mages_1.jpg,Ingeniero,3,3,1
303,true,2022-10-19,2022-12-07,Micki,Stowell,Neubigging,imagenes/descarga.jpg,Sistemas,1,6,1
304,true,2022-12-23,2022-06-06,Ashlan,Tyght,Wonfar,imagenes/descarga_1.jpg,Ingeniero,2,5,1
305,true,2022-12-26,2022-09-07,Wilona,Hearley,Scally,imagenes/images.jpg,Ingeniero,2,6,1
306,false,2022-08-02,2022-04-22,Aubrette,Kennaway,Birkbeck,imagenes/images.jpg,Diseño,1,5,1
307,false,2023-01-18,2022-07-19,Justinn,Hulks,Trencher,imagenes/descarga_1.jpg,Derecho,3,1,1
308,true,2022-02-23,2022-05-15,Zarla,Coleshill,Scarlett,imagenes/mages_1.jpg,Diseño,3,4,1
309,true,2022-08-04,2023-01-11,Ninetta,Lisciandro,Druett,imagenes/descarga.jpg,Ingeniero,3,4,1
310,false,2022-07-10,2022-10-29,Sascha,Thieme,Stirzaker,imagenes/images.jpg,Ingeniero,1,1,1
311,true,2022-08-06,2023-01-31,Cristina,Wychard,Nethercott,imagenes/images.jpg,Contabilidad,5,5,1
312,false,2022-04-12,2022-03-09,Darryl,Hardwicke,McClifferty,imagenes/images.jpg,Administracion,5,3,1
313,false,2022-06-22,2022-09-17,Sande,McClory,Gaddas,imagenes/images.jpg,General,4,5,1
314,true,2022-11-23,2022-11-25,Idalia,Balcon,Vannuchi,imagenes/descarga_1.jpg,Administracion,4,1,1
315,false,2023-02-07,2022-07-21,Nancey,Gaggen,Cariss,imagenes/descarga_1.jpg,General,5,6,1
316,false,2022-10-21,2023-01-22,Sonni,Lavielle,Sloegrave,imagenes/descarga.jpg,Diseño,3,3,1
317,true,2022-07-30,2022-04-24,Brinn,Rosborough,Myles,imagenes/images.jpg,Administracion,4,5,1
318,false,2022-10-15,2022-04-19,Louella,Veryard,Beevis,imagenes/images.jpg,General,3,3,1
319,false,2022-11-26,2022-12-29,Der,D'Ugo,Flancinbaum,imagenes/mages_1.jpg,Administracion,5,5,1
320,true,2022-05-20,2022-03-24,Alina,Rootes,Neylon,imagenes/images.jpg,Sistemas,4,1,1
321,true,2023-01-16,2022-04-15,Kaylee,Cousans,Stubbs,imagenes/images.jpg,Sistemas,1,3,1
322,false,2022-06-06,2022-09-22,Sullivan,McVeagh,Clemenson,imagenes/descarga.jpg,Diseño,1,1,1
323,true,2022-03-16,2023-02-02,Putnam,Fielding,Lyness,imagenes/descarga_1.jpg,Derecho,5,2,1
324,true,2022-05-12,2022-11-17,Sansone,Vellacott,Kirkpatrick,imagenes/images.jpg,Administracion,3,4,1
325,true,2023-01-19,2022-04-28,Mimi,MacTimpany,Dorcey,imagenes/descarga_1.jpg,Administracion,5,3,1
326,true,2022-03-20,2023-01-23,Moselle,Mustill,Conre,imagenes/mages_1.jpg,Sistemas,5,6,1
327,false,2022-04-15,2022-04-15,Bruce,Aloigi,Lexa,imagenes/mages_1.jpg,General,3,6,1
328,false,2022-07-07,2022-10-04,Cordy,Aldgate,Jarnell,imagenes/descarga_1.jpg,Diseño,5,1,1
329,false,2022-11-27,2022-09-01,Fiann,McRill,Sidwick,imagenes/mages_1.jpg,Administracion,4,5,1
330,false,2022-06-26,2023-01-29,Darbie,Jenyns,Gorgl,imagenes/mages_1.jpg,Sistemas,3,5,1
331,true,2022-02-13,2022-02-24,Ursala,Plumbe,Timcke,imagenes/descarga_1.jpg,Ingeniero,5,4,1
332,true,2022-11-05,2022-12-07,Fidelity,O'Deoran,Comsty,imagenes/images.jpg,Diseño,4,3,1
333,true,2022-11-23,2022-08-22,Ursa,Epdell,Wolpert,imagenes/descarga_1.jpg,Sistemas,3,5,1
334,true,2022-10-31,2022-11-20,Meta,Ropartz,Graves,imagenes/descarga.jpg,Contabilidad,1,5,1
335,true,2022-11-10,2022-04-13,Morley,Sollon,Iffe,imagenes/images.jpg,Diseño,2,2,1
336,true,2022-07-08,2022-10-18,Granny,Lattos,Di Biaggi,imagenes/descarga.jpg,Diseño,4,5,1
337,false,2023-02-14,2022-09-20,Janeen,Beaument,McDiarmid,imagenes/mages_1.jpg,Ingeniero,1,5,1
338,false,2022-03-13,2022-03-30,Lilli,Hulance,Wagge,imagenes/descarga.jpg,Administracion,2,2,1
339,false,2022-04-06,2023-02-20,Dalli,Cooper,Hearst,imagenes/images.jpg,General,3,2,1
340,true,2022-12-25,2022-08-19,Kelci,Crier,Wilfing,imagenes/images.jpg,Derecho,1,3,1
341,true,2022-10-08,2022-05-20,Derwin,Renshell,Stacey,imagenes/images.jpg,Diseño,4,2,1
342,false,2022-09-07,2022-07-04,Bryce,Ianetti,Kinrade,imagenes/mages_1.jpg,General,5,3,1
343,false,2022-11-30,2022-06-23,Mureil,Start,Druitt,imagenes/descarga.jpg,Diseño,5,3,1
344,false,2023-02-03,2023-01-27,Brendan,Pohlak,Rapper,imagenes/mages_1.jpg,Derecho,3,6,1
345,false,2022-08-29,2022-12-01,Caroline,Welman,Truesdale,imagenes/descarga_1.jpg,Contabilidad,1,6,1
346,false,2022-03-30,2022-05-07,Mia,Lodo,Venes,imagenes/mages_1.jpg,General,3,5,1
347,false,2022-05-02,2022-12-29,Heidie,Petrasso,Klawi,imagenes/descarga_1.jpg,Diseño,3,3,1
348,true,2022-04-29,2022-08-07,Carole,Tarburn,Cullnean,imagenes/descarga_1.jpg,Derecho,5,3,1
349,false,2022-04-16,2022-10-29,Ariela,Pietersen,Haistwell,imagenes/descarga_1.jpg,Administracion,4,6,1
350,false,2022-03-06,2022-09-22,Elana,McRuvie,Maltman,imagenes/descarga_1.jpg,Derecho,1,5,1
351,true,2022-06-02,2022-05-24,Guilbert,Beedle,Labbey,imagenes/images.jpg,Diseño,5,4,1
352,true,2022-05-17,2023-02-05,Bettye,Matysiak,Gilder,imagenes/images.jpg,Diseño,4,3,1
353,true,2022-05-10,2022-11-04,Elinore,Brennen,Colston,imagenes/mages_1.jpg,Ingeniero,4,6,1
354,false,2022-07-27,2022-12-03,Eunice,Simonds,Boyn,imagenes/descarga.jpg,Contabilidad,3,3,1
355,false,2022-06-29,2022-03-07,Hakim,Davitt,Hazeley,imagenes/descarga.jpg,Diseño,4,3,1
356,false,2022-08-28,2022-05-19,Teddi,Montes,Stansbury,imagenes/images.jpg,Derecho,4,4,1
357,true,2022-08-02,2022-09-02,Dimitri,Smallpiece,Asker,imagenes/descarga_1.jpg,Administracion,4,5,1
358,true,2022-02-18,2022-06-02,Berte,Heinrici,Nicholson,imagenes/mages_1.jpg,Administracion,4,6,1
359,false,2022-03-05,2023-01-12,Caty,Loffel,Blackah,imagenes/descarga_1.jpg,Ingeniero,1,6,1
360,true,2022-08-31,2022-12-20,Lindie,Arend,Stoeck,imagenes/descarga.jpg,Ingeniero,2,5,1
361,true,2022-06-26,2022-03-03,Melisent,Banger,Wymer,imagenes/descarga_1.jpg,Diseño,5,6,1
362,false,2022-05-06,2022-08-01,Mariele,Girhard,Tutin,imagenes/descarga.jpg,Derecho,4,5,1
363,false,2022-08-12,2022-03-20,Armin,Ygoe,Willcott,imagenes/images.jpg,Derecho,2,5,1
364,true,2022-09-17,2022-03-04,Stu,Guidera,Cathersides,imagenes/images.jpg,Ingeniero,3,5,1
365,true,2022-08-27,2023-02-18,Selinda,Antoney,Fiennes,imagenes/mages_1.jpg,Ingeniero,2,4,1
366,false,2023-01-17,2023-02-16,Adena,Brew,Sclanders,imagenes/mages_1.jpg,Derecho,5,2,1
367,false,2022-05-01,2022-09-10,Giselle,Miettinen,Barras,imagenes/images.jpg,Contabilidad,1,5,1
368,true,2022-09-03,2023-02-17,Ted,McMakin,Milward,imagenes/mages_1.jpg,Ingeniero,3,5,1
369,false,2022-12-19,2023-01-18,Elianore,Bernardoux,Cranshaw,imagenes/descarga.jpg,Derecho,3,3,1
370,true,2022-05-22,2022-11-28,Anatola,Aldiss,Sadgrove,imagenes/descarga.jpg,Sistemas,2,3,1
371,true,2022-07-03,2023-01-22,Meade,Leaman,Rennolds,imagenes/images.jpg,Contabilidad,4,5,1
372,true,2022-06-20,2022-10-07,Rhodia,Radmore,Hamshere,imagenes/descarga_1.jpg,Sistemas,4,3,1
373,true,2022-05-25,2022-10-10,Steffane,Venables,Cammocke,imagenes/descarga.jpg,Administracion,4,3,1
374,true,2022-10-25,2022-11-06,Kerrin,Follen,Walter,imagenes/mages_1.jpg,General,5,6,1
375,true,2022-10-25,2022-06-03,Geno,Aronsohn,Bernardini,imagenes/mages_1.jpg,Sistemas,1,2,1
376,true,2022-09-24,2022-12-01,Aguie,Campe,Summerhayes,imagenes/mages_1.jpg,Administracion,4,1,1
377,false,2022-08-21,2022-05-26,Chandal,Carvilla,Brown,imagenes/images.jpg,Diseño,4,2,1
378,false,2023-01-14,2022-09-10,Alisa,Reims,Hyndes,imagenes/descarga.jpg,Administracion,4,3,1
379,false,2022-03-02,2022-06-07,Xaviera,Pendall,Lucian,imagenes/descarga_1.jpg,Contabilidad,1,1,1
380,true,2022-12-21,2022-05-01,Adda,Bagenal,Domke,imagenes/mages_1.jpg,Sistemas,1,6,1
381,true,2022-02-09,2023-02-07,Karmen,Strete,Kuschel,imagenes/descarga.jpg,Contabilidad,1,1,1
382,true,2023-02-16,2022-05-19,Ursola,Dresser,Averay,imagenes/images.jpg,General,5,4,1
383,false,2022-09-20,2022-06-30,Carlos,Dansey,Trengove,imagenes/images.jpg,Administracion,3,5,1
384,true,2022-09-05,2022-03-21,Elisabet,Jermyn,Sandon,imagenes/images.jpg,Derecho,4,1,1
385,true,2022-10-19,2022-02-23,Margaretta,Romagnosi,Charke,imagenes/descarga.jpg,Derecho,3,1,1
386,true,2022-11-18,2022-03-22,Dorrie,Hatherill,Digby,imagenes/mages_1.jpg,Ingeniero,3,6,1
387,true,2023-02-07,2022-04-20,Whitby,Gordon-Giles,Delete,imagenes/images.jpg,Diseño,2,3,1
388,false,2022-03-12,2022-12-14,Rudiger,McFadin,Filippi,imagenes/descarga_1.jpg,Ingeniero,1,3,1
389,true,2022-08-20,2022-07-27,Cordy,Joslin,Van Haeften,imagenes/descarga_1.jpg,Diseño,5,6,1
390,false,2022-10-08,2023-01-29,Dorthea,Sneller,Duckers,imagenes/descarga.jpg,Derecho,3,1,1
391,true,2023-01-01,2022-05-19,Wyatan,Cholomin,Kemble,imagenes/descarga_1.jpg,Contabilidad,2,4,1
392,true,2022-10-10,2022-05-22,Torey,Bravey,Varley,imagenes/descarga_1.jpg,Diseño,2,6,1
393,false,2022-10-25,2022-08-26,Theodoric,Kleinlerer,Tapp,imagenes/descarga.jpg,Contabilidad,1,4,1
394,true,2022-11-28,2022-07-09,Martainn,Carnell,Tremblet,imagenes/descarga_1.jpg,Ingeniero,4,3,1
395,false,2022-08-12,2022-07-16,Renell,Boyse,Fee,imagenes/descarga.jpg,Administracion,5,6,1
396,true,2022-08-23,2022-10-08,Meara,Narrie,Orwin,imagenes/images.jpg,Administracion,4,2,1
397,false,2023-02-11,2022-04-12,Broderick,Sedgefield,Purkis,imagenes/images.jpg,Derecho,4,5,1
398,false,2022-05-29,2022-06-27,Redford,Shortall,Cagan,imagenes/descarga_1.jpg,Contabilidad,3,5,1
399,true,2022-04-21,2022-04-11,Corey,Mathew,Plumridege,imagenes/mages_1.jpg,Ingeniero,5,2,1
400,true,2022-11-25,2022-10-17,Darby,Poizer,Morland,imagenes/descarga.jpg,General,3,2,1
401,true,2022-08-30,2022-10-30,Archer,Fettiplace,Gerrit,imagenes/images.jpg,Contabilidad,2,1,1
402,true,2022-04-30,2022-08-14,Hansiain,Local,Harbor,imagenes/images.jpg,Ingeniero,4,5,1
403,true,2022-02-14,2022-05-02,Connie,Fritchly,Polden,imagenes/mages_1.jpg,General,2,6,1
404,true,2022-12-17,2022-03-20,Donn,Waterhowse,Shorey,imagenes/descarga_1.jpg,Derecho,4,1,1
405,true,2023-01-28,2022-05-23,Riannon,Clucas,Ferriday,imagenes/descarga.jpg,Diseño,1,2,1
406,false,2022-03-01,2022-12-31,Kaiser,Tomkins,Sewall,imagenes/descarga_1.jpg,Administracion,3,4,1
407,true,2022-07-24,2022-10-07,Glen,Learmont,Flea,imagenes/mages_1.jpg,Sistemas,1,2,1
408,false,2022-02-05,2022-08-07,Hatti,Parren,Tilley,imagenes/mages_1.jpg,General,5,6,1
409,true,2022-10-23,2022-08-02,Delmer,McPaike,Mepham,imagenes/images.jpg,Derecho,2,6,1
410,true,2023-01-01,2022-04-11,Lonnard,Vail,Tarpey,imagenes/images.jpg,General,3,6,1
411,false,2022-09-17,2023-01-20,Lorena,Eburah,Gillfillan,imagenes/mages_1.jpg,General,5,3,1
412,true,2022-09-16,2022-08-12,Lorens,Atheis,Bell,imagenes/descarga_1.jpg,General,2,3,1
413,false,2022-09-16,2022-07-03,Jereme,Shepherdson,Schimmang,imagenes/mages_1.jpg,General,1,1,1
414,false,2022-06-06,2023-02-17,Amble,Chastel,Slowley,imagenes/mages_1.jpg,Administracion,3,2,1
415,false,2023-01-15,2022-07-13,Darcy,Orfeur,Bestar,imagenes/images.jpg,Ingeniero,1,4,1
416,true,2022-10-30,2022-12-19,Hynda,Irvin,Jervoise,imagenes/descarga_1.jpg,Administracion,3,1,1
417,true,2022-05-21,2022-03-23,Salvador,Temperton,Charrington,imagenes/descarga_1.jpg,Contabilidad,1,6,1
418,false,2022-03-29,2022-12-12,Jerome,Pellington,Le Estut,imagenes/images.jpg,Sistemas,4,5,1
419,true,2022-07-05,2022-03-26,Mattheus,Spittles,Bellward,imagenes/descarga.jpg,Administracion,4,1,1
420,false,2022-06-02,2022-11-04,Umberto,Barns,Baynard,imagenes/descarga_1.jpg,Administracion,4,2,1
421,false,2022-10-07,2022-08-06,Taite,McManamen,Wybrow,imagenes/mages_1.jpg,Contabilidad,2,1,1
422,true,2022-08-18,2022-07-07,Thedrick,Arrigo,Aleksandrikin,imagenes/descarga.jpg,Ingeniero,3,2,1
423,false,2022-11-05,2022-12-09,Marsiella,Noorwood,Hauch,imagenes/descarga.jpg,Sistemas,4,2,1
424,true,2022-11-30,2022-06-16,Janessa,Stook,Episcopi,imagenes/images.jpg,Diseño,3,3,1
425,false,2022-08-06,2022-06-24,Bertine,Coneley,Minot,imagenes/mages_1.jpg,Ingeniero,5,3,1
426,true,2023-02-18,2022-07-25,Germain,Garthside,Dufore,imagenes/images.jpg,Diseño,3,4,1
427,false,2022-09-08,2022-09-06,Worth,Georgeot,Tysall,imagenes/descarga.jpg,Administracion,3,1,1
428,false,2023-01-01,2022-08-16,Cody,Tootin,Skellon,imagenes/images.jpg,Administracion,3,6,1
429,true,2022-12-21,2022-12-26,Susan,Altree,Lownie,imagenes/mages_1.jpg,Diseño,1,3,1
430,true,2022-04-04,2023-01-19,Clara,Jarmaine,Botger,imagenes/images.jpg,General,1,5,1
431,true,2022-06-20,2022-12-05,Sile,Bakhrushkin,Martina,imagenes/images.jpg,Administracion,2,1,1
432,true,2022-08-21,2022-12-11,Perry,Batey,Tupman,imagenes/descarga_1.jpg,Sistemas,3,1,1
433,true,2022-03-03,2023-02-04,Fax,Duckfield,Dabbes,imagenes/descarga.jpg,Ingeniero,1,6,1
434,true,2022-04-21,2022-09-20,Elmira,Buttriss,Lowthian,imagenes/mages_1.jpg,General,2,2,1
435,false,2022-11-05,2022-06-01,Marleah,Cominoli,Towll,imagenes/images.jpg,Administracion,4,6,1
436,true,2022-08-28,2022-07-20,Cassondra,Merriott,Neat,imagenes/mages_1.jpg,Ingeniero,5,6,1
437,true,2022-10-08,2022-03-29,Beth,Alabastar,Roz,imagenes/descarga.jpg,Diseño,2,1,1
438,true,2022-11-01,2022-04-25,Lucais,O' Driscoll,Patel,imagenes/descarga_1.jpg,Contabilidad,1,6,1
439,false,2022-10-03,2022-07-29,Renae,Cone,Matthews,imagenes/mages_1.jpg,Diseño,1,6,1
440,true,2023-01-06,2022-04-26,Tressa,Gallaway,Fouracre,imagenes/descarga_1.jpg,General,4,1,1
441,true,2022-03-02,2022-08-29,Ally,Jedrzejczyk,MacFayden,imagenes/images.jpg,General,4,2,1
442,false,2022-03-12,2022-10-28,Porty,Richardes,Regenhardt,imagenes/descarga.jpg,Contabilidad,4,4,1
443,false,2022-02-19,2022-09-22,Lyndsie,Halling,Twittey,imagenes/descarga.jpg,Diseño,2,5,1
444,true,2022-06-23,2022-04-15,Dore,Kaesmakers,Parmer,imagenes/images.jpg,Administracion,5,2,1
445,false,2022-02-04,2022-11-15,Hewett,McKomb,Yakunikov,imagenes/images.jpg,Contabilidad,5,5,1
446,true,2023-01-13,2023-02-05,Lennard,Duffil,Rookwell,imagenes/descarga_1.jpg,Ingeniero,3,2,1
447,false,2022-04-30,2022-10-06,Hugibert,Yeabsley,Yaldren,imagenes/images.jpg,General,1,1,1
448,false,2022-09-12,2022-03-09,Scotti,Halley,MacAdam,imagenes/mages_1.jpg,Administracion,1,1,1
449,true,2022-02-11,2022-09-10,Annaliese,Couser,Tesseyman,imagenes/descarga_1.jpg,Derecho,1,1,1
450,false,2022-07-20,2022-08-02,Jessamyn,Gilburt,Cornwell,imagenes/mages_1.jpg,Administracion,5,3,1
451,false,2023-02-01,2022-04-18,Tanhya,Gilkison,Farmery,imagenes/descarga_1.jpg,Administracion,2,1,1
452,false,2023-01-29,2022-06-09,Yule,Joy,Benoix,imagenes/images.jpg,Ingeniero,1,2,1
453,true,2022-07-25,2022-11-05,Gwenora,Peers,Jewel,imagenes/descarga.jpg,Contabilidad,2,2,1
454,true,2022-10-26,2022-03-22,Manfred,Moxley,Raund,imagenes/mages_1.jpg,Ingeniero,5,1,1
455,true,2022-11-12,2022-07-16,Camille,Moston,Assaf,imagenes/mages_1.jpg,Ingeniero,3,3,1
456,false,2023-01-30,2022-09-21,Alexis,Feldheim,Gleed,imagenes/mages_1.jpg,Contabilidad,1,3,1
457,true,2022-08-23,2022-09-02,Abbey,Kindleysides,Allabarton,imagenes/descarga.jpg,General,1,1,1
458,false,2022-10-26,2022-07-08,Angie,Tern,Ivanisov,imagenes/images.jpg,Derecho,1,5,1
459,true,2022-05-07,2023-02-17,Horatio,Keoghan,Malthus,imagenes/descarga_1.jpg,Sistemas,4,3,1
460,true,2022-05-22,2022-08-03,Oralia,Loade,Onele,imagenes/descarga_1.jpg,Diseño,2,5,1
461,false,2022-12-05,2022-08-05,Carmelina,Chalfant,Funcheon,imagenes/descarga_1.jpg,Administracion,2,3,1
462,false,2022-07-19,2022-05-23,Irv,Futcher,Everill,imagenes/images.jpg,Contabilidad,1,6,1
463,true,2022-02-12,2022-04-19,Giffy,Hammand,Leemans,imagenes/mages_1.jpg,Diseño,5,1,1
464,true,2023-01-03,2022-02-26,Malina,Meredyth,Musla,imagenes/descarga.jpg,Contabilidad,5,5,1
465,true,2022-10-18,2022-02-22,Uri,Stout,Spinello,imagenes/images.jpg,Diseño,1,2,1
466,false,2022-07-28,2022-10-17,Janette,Hackwell,Littell,imagenes/descarga_1.jpg,General,1,5,1
467,false,2022-03-31,2023-01-07,Olvan,Muston,Bleackley,imagenes/images.jpg,Derecho,2,6,1
468,true,2022-06-01,2022-02-22,Joela,Leal,Salzberg,imagenes/descarga_1.jpg,Diseño,5,6,1
469,false,2022-10-10,2022-03-21,Clayton,Catlow,Rannald,imagenes/descarga.jpg,Administracion,3,3,1
470,false,2022-09-19,2022-12-27,Waite,Krook,Dorrell,imagenes/mages_1.jpg,Diseño,5,3,1
471,false,2022-04-05,2022-05-08,Binnie,Doyle,Tremmel,imagenes/descarga.jpg,Contabilidad,5,1,1
472,false,2022-04-01,2022-05-20,Codi,Lawly,Secret,imagenes/images.jpg,Ingeniero,2,3,1
473,true,2022-02-23,2022-04-19,Bobbee,Gaspard,Skudder,imagenes/images.jpg,Diseño,5,5,1
474,true,2022-10-16,2022-07-16,Hastings,Crookston,Runnacles,imagenes/descarga_1.jpg,General,1,4,1
475,true,2022-05-16,2022-09-19,Candace,Jeppensen,Goudard,imagenes/descarga.jpg,Administracion,1,1,1
476,true,2022-12-31,2022-06-17,Marvin,De Bischop,Simmings,imagenes/images.jpg,Diseño,2,3,1
477,false,2022-07-03,2022-03-04,Eileen,Chominski,Bulluck,imagenes/mages_1.jpg,Contabilidad,5,3,1
478,true,2022-10-20,2022-07-01,Geoffry,Hubach,Faveryear,imagenes/descarga_1.jpg,Contabilidad,2,6,1
479,true,2022-06-07,2022-02-26,Bronson,McGlade,Haskey,imagenes/mages_1.jpg,Diseño,2,6,1
480,true,2022-10-23,2022-06-13,Karola,Caveney,Tidmas,imagenes/descarga_1.jpg,Diseño,2,6,1
481,false,2022-06-11,2022-06-01,Marji,McKim,Nightingale,imagenes/descarga.jpg,Derecho,5,2,1
482,false,2022-02-23,2022-04-03,Keene,Rayer,Kiraly,imagenes/images.jpg,General,3,2,1
483,false,2022-04-16,2022-10-29,Glenden,Haggus,McTrustey,imagenes/descarga.jpg,Contabilidad,5,1,1
484,false,2022-03-27,2022-10-05,Manon,Arpino,Hansel,imagenes/mages_1.jpg,Administracion,2,6,1
485,true,2022-03-10,2022-06-09,Emanuele,Bosnell,Ferryman,imagenes/descarga.jpg,Contabilidad,3,4,1
486,false,2022-04-12,2022-09-01,Katya,Goard,Ainsworth,imagenes/mages_1.jpg,Sistemas,3,3,1
487,false,2022-09-29,2022-11-12,Montgomery,Grinin,Beardsell,imagenes/descarga.jpg,Derecho,2,5,1
488,true,2022-10-20,2022-08-26,Jobina,Kares,Tackett,imagenes/images.jpg,Administracion,1,2,1
489,true,2022-05-26,2022-06-14,Jermain,Stedman,Govan,imagenes/descarga_1.jpg,Contabilidad,5,1,1
490,false,2022-02-26,2022-03-12,Lev,Swanson,Ketley,imagenes/mages_1.jpg,Ingeniero,3,3,1
491,true,2022-03-16,2022-09-17,Akim,Duding,Loughlan,imagenes/descarga.jpg,Sistemas,2,4,1
492,false,2022-02-05,2022-03-14,Stephanus,Studde,Rushmare,imagenes/descarga.jpg,Contabilidad,1,5,1
493,true,2023-02-04,2022-12-27,Hollyanne,Hairs,Lawry,imagenes/mages_1.jpg,Ingeniero,4,6,1
494,true,2023-02-06,2022-04-09,Bertina,Blakelock,Fattore,imagenes/descarga_1.jpg,Administracion,2,2,1
495,true,2023-02-11,2022-11-22,Margaretta,Pietrowski,Stenners,imagenes/descarga_1.jpg,General,3,2,1
496,true,2022-11-12,2022-08-05,Tresa,Harden,Drynan,imagenes/images.jpg,Diseño,5,3,1
497,false,2022-02-09,2022-11-23,April,Frear,Devlin,imagenes/descarga.jpg,Contabilidad,3,5,1
498,false,2023-01-20,2022-03-13,Ulick,Durnin,Moreside,imagenes/images.jpg,Administracion,1,4,1
499,true,2022-04-21,2022-04-01,Josee,Bilsford,Batchley,imagenes/images.jpg,General,5,4,1
500,false,2022-03-30,2022-03-10,Neddie,Skayman,McGeachey,imagenes/descarga.jpg,General,4,3,1
501,false,2022-10-12,2022-08-24,Ddene,Whitwell,Gofford,imagenes/descarga_1.jpg,General,4,4,1
502,true,2022-06-20,2022-04-11,Bryn,Maystone,Barbey,imagenes/images.jpg,Diseño,5,3,1
503,false,2022-09-21,2022-11-14,Roman,Lindman,Cicccitti,imagenes/mages_1.jpg,Derecho,1,6,1
504,true,2022-09-14,2022-10-18,Magda,Trebilcock,Flavelle,imagenes/descarga.jpg,Ingeniero,4,2,1
505,false,2022-12-22,2022-09-04,Denny,Dunley,Puckring,imagenes/mages_1.jpg,General,3,3,1
506,false,2022-11-30,2023-02-11,Andie,Latore,Fuggle,imagenes/images.jpg,Ingeniero,2,4,1
507,false,2022-05-19,2022-03-31,Cosimo,Goodger,Lucy,imagenes/mages_1.jpg,Contabilidad,4,4,1
508,false,2022-10-24,2022-07-06,Erda,Kearney,Hurn,imagenes/descarga_1.jpg,Sistemas,1,4,1
509,true,2022-08-18,2022-03-23,Nowell,Acock,Rubica,imagenes/mages_1.jpg,Ingeniero,5,5,1
510,false,2022-05-13,2023-02-06,Jania,Coll,Kauschke,imagenes/descarga_1.jpg,Diseño,5,5,1
511,false,2022-03-09,2022-05-31,Renell,Clother,Eberle,imagenes/descarga_1.jpg,Administracion,2,6,1
512,false,2022-08-01,2022-12-31,Daphna,Tincey,Lakeland,imagenes/descarga_1.jpg,Sistemas,5,5,1
513,true,2023-01-26,2022-08-18,Devlen,Glozman,Poultney,imagenes/descarga.jpg,Diseño,4,5,1
514,false,2022-02-03,2022-06-17,Goddard,Paradis,Dunbar,imagenes/mages_1.jpg,Sistemas,4,4,1
515,false,2022-11-10,2022-07-28,Conn,Ling,Trassler,imagenes/images.jpg,Sistemas,4,4,1
516,true,2022-09-15,2022-11-11,Lenna,Kubyszek,Formilli,imagenes/descarga.jpg,Derecho,4,5,1
517,true,2022-03-19,2023-01-18,Leena,Megson,Heintsch,imagenes/images.jpg,Diseño,4,6,1
518,true,2022-09-30,2022-07-21,Dolf,Vicent,Kenshole,imagenes/descarga.jpg,Ingeniero,2,3,1
519,true,2022-08-06,2022-04-14,Bradly,Isitt,Souter,imagenes/images.jpg,General,2,2,1
520,true,2023-02-12,2022-05-09,Esmaria,Flucks,Hartrick,imagenes/descarga.jpg,Contabilidad,3,1,1
521,true,2022-12-15,2022-09-13,Tedda,Bonnett,Meadmore,imagenes/images.jpg,Sistemas,2,4,1
522,true,2022-04-11,2023-01-05,Northrup,Jeaycock,Brigg,imagenes/descarga.jpg,Contabilidad,5,1,1
523,true,2023-02-03,2022-06-20,Gayle,Sulland,Jakubowsky,imagenes/descarga_1.jpg,Ingeniero,4,2,1
524,false,2023-02-09,2022-07-25,Idell,Shay,Maltster,imagenes/descarga_1.jpg,Derecho,1,4,1
525,true,2022-06-17,2022-03-03,Oralla,Schober,Felmingham,imagenes/mages_1.jpg,Contabilidad,3,1,1
526,true,2022-03-05,2022-02-22,Rice,Sprowson,Kilbride,imagenes/mages_1.jpg,Ingeniero,4,3,1
527,true,2022-02-23,2022-10-14,Darb,Trusdale,Inglis,imagenes/images.jpg,General,2,2,1
528,true,2022-08-29,2022-06-28,Beth,Leeke,Lievesley,imagenes/descarga_1.jpg,Diseño,1,2,1
529,false,2022-12-25,2022-03-30,Goldie,Weippert,Mutlow,imagenes/images.jpg,Derecho,4,4,1
530,true,2023-01-02,2022-12-23,Bernhard,Bamblett,Duxbarry,imagenes/images.jpg,Derecho,4,1,1
531,false,2022-11-28,2023-02-01,Antonie,Lindwall,Schimank,imagenes/descarga_1.jpg,Derecho,2,3,1
532,true,2022-08-03,2023-01-15,Hilde,Makepeace,Whitwood,imagenes/mages_1.jpg,Ingeniero,2,4,1
533,true,2022-08-10,2022-12-30,Clemmie,Pacitti,Etheridge,imagenes/descarga.jpg,Derecho,5,1,1
534,false,2022-06-14,2022-03-29,Ramonda,Morsey,Vearnals,imagenes/descarga.jpg,Diseño,4,3,1
535,true,2022-12-03,2022-06-27,Martita,Tyson,Gitsham,imagenes/mages_1.jpg,Administracion,5,6,1
536,false,2022-02-02,2022-09-02,Maryrose,Jephson,Paolozzi,imagenes/descarga.jpg,General,1,1,1
537,false,2022-06-15,2022-10-02,Fredelia,Castenda,Monget,imagenes/descarga_1.jpg,Sistemas,2,5,1
538,false,2022-05-20,2023-01-27,Natal,Winwright,Kunkel,imagenes/descarga.jpg,Sistemas,1,2,1
539,true,2022-03-29,2022-08-24,Arabel,Rankling,Addyman,imagenes/descarga_1.jpg,General,5,1,1
540,false,2022-02-24,2022-10-01,Eleni,Dudek,Matuska,imagenes/mages_1.jpg,Contabilidad,2,2,1
541,true,2022-07-15,2022-09-20,Sharl,Hackney,Meese,imagenes/images.jpg,Contabilidad,1,2,1
542,true,2022-06-21,2022-10-26,Rianon,Adamski,Lissemore,imagenes/descarga.jpg,Administracion,5,5,1
543,false,2022-12-14,2022-08-20,Guillema,Tackell,Murton,imagenes/descarga.jpg,Contabilidad,3,3,1
544,false,2022-04-23,2022-12-20,Alta,Brewer,Game,imagenes/images.jpg,Ingeniero,5,4,1
545,true,2022-02-28,2022-10-03,Aleda,Pullen,Chimienti,imagenes/descarga_1.jpg,Contabilidad,5,6,1
546,false,2023-01-25,2022-07-02,Clemens,O'Rudden,Quipp,imagenes/images.jpg,Contabilidad,1,2,1
547,true,2022-03-26,2022-03-01,Eileen,Verbrugghen,MacArthur,imagenes/descarga.jpg,Derecho,3,3,1
548,false,2022-04-16,2022-08-20,Clemens,Stratford,Jackling,imagenes/mages_1.jpg,Contabilidad,1,6,1
549,true,2022-06-21,2022-10-19,Jeana,Illidge,Le Cornu,imagenes/mages_1.jpg,Diseño,5,2,1
550,true,2023-01-05,2022-10-18,Ingelbert,Nesfield,Faragher,imagenes/images.jpg,Administracion,5,4,1
551,false,2022-06-03,2022-05-04,Marie-ann,Philpin,Marusyak,imagenes/descarga.jpg,Contabilidad,2,1,1
552,false,2022-04-05,2022-12-31,Freedman,Filde,Lyddon,imagenes/descarga.jpg,Ingeniero,2,5,1
553,true,2022-03-08,2022-11-10,Shadow,Prinn,Parnby,imagenes/descarga_1.jpg,Administracion,3,2,1
554,true,2022-02-15,2022-09-27,Carissa,Harrismith,Rizzardini,imagenes/images.jpg,Contabilidad,3,4,1
555,true,2023-01-10,2022-11-25,Constanta,Pigford,Keenor,imagenes/descarga_1.jpg,Contabilidad,1,2,1
556,true,2022-06-09,2023-02-13,Nanine,McAleese,Worlock,imagenes/descarga.jpg,Sistemas,1,4,1
557,false,2022-12-18,2022-02-25,Parry,Philippard,Weighell,imagenes/images.jpg,Sistemas,4,2,1
558,false,2022-08-20,2022-04-02,Agnola,Huby,Buney,imagenes/descarga.jpg,Ingeniero,3,3,1
559,true,2022-02-03,2022-11-23,Tamqrah,Manifold,Sier,imagenes/images.jpg,Derecho,4,6,1
560,true,2023-01-03,2022-05-13,Therese,Skeene,Brombell,imagenes/descarga.jpg,Administracion,4,2,1
561,true,2022-07-14,2022-10-26,Cornell,Foy,Maletratt,imagenes/images.jpg,Diseño,1,4,1
562,false,2023-02-08,2023-02-01,Templeton,Laird,Dumsday,imagenes/images.jpg,Ingeniero,4,3,1
563,false,2022-11-10,2022-07-16,Emerson,Ruhben,Dearnaly,imagenes/descarga_1.jpg,Diseño,3,2,1
564,false,2022-07-24,2022-06-14,Ody,Mager,Hannay,imagenes/descarga.jpg,Contabilidad,1,5,1
565,false,2022-06-07,2022-06-12,Jabez,Cranmere,Rosenqvist,imagenes/descarga_1.jpg,General,1,3,1
566,false,2022-03-30,2023-01-05,Carney,Harrie,Daud,imagenes/images.jpg,Diseño,1,6,1
567,true,2022-05-05,2022-04-11,Silvia,Newsham,Wrangle,imagenes/images.jpg,Sistemas,1,5,1
568,true,2022-03-15,2022-12-15,Ania,Sacaze,Ryott,imagenes/images.jpg,Diseño,2,6,1
569,true,2022-11-08,2022-07-31,Cortie,Lints,Martin,imagenes/descarga.jpg,General,5,5,1
570,false,2022-10-05,2022-04-03,Noble,Wyant,Peggram,imagenes/images.jpg,Diseño,1,5,1
571,false,2022-04-03,2022-06-25,Kelci,Feyer,Lindwall,imagenes/descarga.jpg,Administracion,5,3,1
572,false,2022-10-05,2022-07-14,Isador,Keeves,Follows,imagenes/descarga_1.jpg,Diseño,4,3,1
573,false,2022-10-20,2022-07-02,Sylvester,Kinder,Napoleon,imagenes/mages_1.jpg,Sistemas,4,6,1
574,true,2022-03-23,2022-03-07,Stacy,Antonellini,Welburn,imagenes/descarga_1.jpg,Diseño,2,4,1
575,true,2022-04-05,2022-09-20,Ardis,Silley,Gascoyen,imagenes/mages_1.jpg,Ingeniero,3,3,1
576,true,2023-01-24,2022-03-28,Melly,Hestrop,Lornsen,imagenes/descarga_1.jpg,Sistemas,5,4,1
577,false,2023-01-30,2022-05-27,Humberto,Culleton,MacNeil,imagenes/descarga_1.jpg,Administracion,2,1,1
578,false,2022-06-30,2023-01-10,Emilia,Freer,Solway,imagenes/mages_1.jpg,Administracion,2,3,1
579,true,2022-12-05,2022-03-01,Baudoin,Medmore,Million,imagenes/mages_1.jpg,Derecho,3,2,1
580,false,2022-09-29,2022-10-25,Ambrosio,Corrie,Firebrace,imagenes/mages_1.jpg,Contabilidad,5,3,1
581,false,2023-01-26,2023-02-04,Phyllida,Thomassin,Balassa,imagenes/descarga_1.jpg,Sistemas,1,6,1
582,true,2022-11-07,2022-09-21,Eran,McBryde,Sawley,imagenes/mages_1.jpg,Diseño,4,1,1
583,true,2022-04-21,2022-06-19,Lockwood,Seine,Friman,imagenes/descarga_1.jpg,Ingeniero,3,5,1
584,true,2022-04-03,2022-03-13,Carena,Down,Wison,imagenes/images.jpg,Ingeniero,3,3,1
585,false,2022-07-05,2022-09-12,Amberly,O'Henery,Towler,imagenes/descarga.jpg,Derecho,1,5,1
586,true,2022-11-10,2022-08-04,Wait,Becket,Danskine,imagenes/descarga.jpg,Diseño,5,6,1
587,true,2022-12-31,2022-08-26,Pip,Murrison,Boylan,imagenes/mages_1.jpg,Contabilidad,2,6,1
588,true,2022-07-08,2022-07-13,Hagan,Havard,Crooks,imagenes/descarga_1.jpg,Contabilidad,1,1,1
589,false,2022-11-13,2022-05-28,Bernadene,Dumbar,Poynter,imagenes/mages_1.jpg,Sistemas,4,3,1
590,true,2022-02-25,2022-12-15,Venita,Toft,Penner,imagenes/images.jpg,Diseño,2,1,1
591,false,2022-10-09,2022-03-16,Mehetabel,Pace,De Roeck,imagenes/mages_1.jpg,General,3,6,1
592,false,2022-05-16,2022-09-30,Katti,Blamey,Jansey,imagenes/descarga.jpg,Contabilidad,3,2,1
593,false,2022-07-29,2022-12-05,Roderic,Fretson,Cardinale,imagenes/mages_1.jpg,Derecho,4,3,1
594,true,2022-12-03,2022-10-06,Archambault,Feilden,Klaaassen,imagenes/descarga_1.jpg,Sistemas,3,2,1
595,true,2022-05-24,2022-05-07,Elyssa,Barme,Ivanilov,imagenes/images.jpg,Administracion,1,6,1
596,false,2022-04-06,2022-12-03,Sigmund,Donald,Rue,imagenes/images.jpg,General,1,5,1
597,true,2022-07-19,2022-11-13,Melisenda,Bartoshevich,Murrow,imagenes/mages_1.jpg,Ingeniero,1,3,1
598,false,2022-02-27,2023-01-14,Mathian,Rosenzveig,Everett,imagenes/mages_1.jpg,Derecho,1,2,1
599,false,2022-10-09,2022-05-28,Jobie,Yerbury,Drew,imagenes/descarga.jpg,General,4,5,1
600,true,2022-03-17,2022-05-13,Sal,Sweatman,Pettis,imagenes/images.jpg,Ingeniero,3,3,1
601,true,2022-02-16,2022-12-20,Christoper,Cushelly,Rosenblatt,imagenes/mages_1.jpg,Derecho,4,4,1
602,false,2022-11-21,2022-12-25,Aurel,Petchey,Djekovic,imagenes/descarga.jpg,Contabilidad,2,3,1
603,false,2022-04-24,2022-10-23,Mady,Learmouth,Tollady,imagenes/descarga_1.jpg,Diseño,4,5,1
604,true,2022-12-02,2022-06-29,Ragnar,Hardy-Piggin,Dutson,imagenes/images.jpg,Contabilidad,3,4,1
605,true,2022-12-16,2023-01-07,Leora,Tweedlie,Kebbell,imagenes/descarga.jpg,Administracion,5,6,1
606,true,2022-04-14,2022-11-23,Hilda,Zoren,Aldwich,imagenes/descarga_1.jpg,Ingeniero,1,5,1
607,true,2022-08-05,2022-06-09,Aylmer,Benny,Newcomb,imagenes/descarga_1.jpg,General,3,4,1
608,true,2022-09-12,2022-10-12,Clerc,Klamp,Mansbridge,imagenes/images.jpg,Diseño,4,6,1
609,true,2022-07-26,2022-04-24,Ariel,Sandeford,Matchett,imagenes/descarga.jpg,Derecho,3,1,1
610,true,2023-01-03,2022-09-28,Olag,Allderidge,Wintringham,imagenes/images.jpg,Derecho,5,1,1
611,true,2022-12-20,2022-08-12,Leonid,Kliement,Tree,imagenes/descarga.jpg,Contabilidad,5,2,1
612,false,2022-03-28,2022-10-13,Tomas,Sandbrook,Priel,imagenes/descarga_1.jpg,Diseño,1,5,1
613,false,2022-10-19,2022-09-09,Kyle,Farnell,Forestall,imagenes/descarga_1.jpg,Ingeniero,2,4,1
614,true,2022-04-01,2022-06-26,Tania,Boorer,William,imagenes/descarga_1.jpg,Diseño,1,4,1
615,true,2022-05-10,2022-10-12,Riccardo,Thieme,Yetton,imagenes/descarga.jpg,Administracion,5,3,1
616,false,2022-06-15,2022-12-15,Eduardo,Mander,Broadbridge,imagenes/descarga.jpg,Sistemas,2,4,1
617,true,2023-01-16,2022-06-24,Kingsley,Attwell,Ilyukhov,imagenes/descarga.jpg,General,4,4,1
618,false,2022-06-19,2022-08-26,Kamillah,Kellogg,St. Leger,imagenes/mages_1.jpg,General,4,5,1
619,true,2022-07-23,2022-09-06,Almire,Maginn,Leinweber,imagenes/mages_1.jpg,Administracion,2,4,1
620,false,2022-09-08,2022-03-16,Quinta,Hariot,Rosbotham,imagenes/descarga.jpg,Ingeniero,5,1,1
621,false,2022-04-10,2023-02-04,Germaine,Franc,Duerden,imagenes/descarga.jpg,Diseño,3,6,1
622,false,2022-10-04,2022-08-22,Claresta,Ingrem,Mensler,imagenes/descarga.jpg,Diseño,5,3,1
623,false,2022-05-24,2022-09-02,Dexter,Swaby,Bartholomieu,imagenes/descarga_1.jpg,Derecho,5,6,1
624,true,2022-10-09,2022-09-29,Danie,Garces,Edgson,imagenes/mages_1.jpg,Administracion,4,5,1
625,false,2023-01-07,2022-12-31,Hephzibah,Asker,Crimin,imagenes/images.jpg,Ingeniero,3,2,1
626,false,2022-07-02,2022-02-28,Vyky,Stihl,MacNeely,imagenes/descarga.jpg,Sistemas,4,4,1
627,true,2022-12-08,2022-05-17,Jackie,Manuaud,Lescop,imagenes/descarga.jpg,General,2,5,1
628,true,2022-11-14,2023-02-19,Cortie,Muffett,Neil,imagenes/images.jpg,Administracion,5,2,1
629,false,2022-05-28,2022-03-28,Pavla,Keneford,Wennam,imagenes/descarga.jpg,General,2,2,1
630,false,2022-11-28,2022-03-24,Ty,Aasaf,Struis,imagenes/descarga_1.jpg,Ingeniero,4,4,1
631,true,2022-08-05,2022-11-02,Addia,Ilyas,Puleston,imagenes/descarga_1.jpg,Ingeniero,5,4,1
632,true,2022-05-19,2022-03-13,Forbes,Casazza,Hallybone,imagenes/mages_1.jpg,Diseño,4,2,1
633,false,2023-01-29,2022-08-14,Luise,Baughan,Manton,imagenes/descarga_1.jpg,Administracion,1,6,1
634,false,2022-08-23,2022-08-23,Daryl,Gorini,Deedes,imagenes/descarga.jpg,Diseño,1,5,1
635,true,2022-08-08,2022-06-17,Ev,Clewley,Logesdale,imagenes/descarga.jpg,Contabilidad,3,5,1
636,false,2022-12-20,2022-04-21,Olvan,Gammie,Speed,imagenes/descarga.jpg,Sistemas,1,4,1
637,false,2022-12-13,2022-09-09,Vitoria,Bartke,Orehead,imagenes/descarga_1.jpg,Diseño,1,6,1
638,true,2022-03-24,2023-02-20,Natividad,Geggie,Scarf,imagenes/descarga_1.jpg,General,1,4,1
639,false,2022-10-22,2022-06-13,Annadiana,Lace,Dittson,imagenes/descarga.jpg,Diseño,4,2,1
640,true,2023-01-12,2022-08-17,Christabel,Herculeson,Murthwaite,imagenes/descarga_1.jpg,Administracion,1,6,1
641,true,2023-01-02,2022-06-15,Inna,Cawthorne,Joscelyn,imagenes/mages_1.jpg,Derecho,5,2,1
642,false,2022-12-28,2022-12-04,Lynnet,Bazell,Croisier,imagenes/descarga_1.jpg,General,1,6,1
643,true,2022-12-03,2022-11-08,Tod,Dumphry,Hardson,imagenes/descarga_1.jpg,Administracion,3,6,1
644,false,2022-03-12,2022-05-01,Sibelle,Bradbeer,Pavlasek,imagenes/descarga_1.jpg,General,1,3,1
645,true,2022-10-29,2022-08-27,Lazaro,Tethacot,Newe,imagenes/images.jpg,General,3,1,1
646,true,2022-11-05,2022-09-19,Nikolaus,Corradeschi,Stanton,imagenes/mages_1.jpg,Sistemas,3,5,1
647,false,2022-11-21,2022-06-03,Jozef,Kliemke,Lander,imagenes/mages_1.jpg,Administracion,4,6,1
648,false,2022-02-25,2022-04-05,Ethel,Olivie,Yankeev,imagenes/mages_1.jpg,Sistemas,1,5,1
649,false,2022-03-09,2022-10-23,Stephanus,Pilbury,O'Bruen,imagenes/descarga_1.jpg,Sistemas,3,6,1
650,false,2022-07-20,2023-01-22,Ossie,Roles,Byrch,imagenes/descarga.jpg,General,2,3,1
651,false,2022-05-05,2022-07-05,Ira,Karpinski,Finby,imagenes/images.jpg,General,3,4,1
652,true,2023-01-23,2022-07-23,Terry,Cucinotta,Stoney,imagenes/descarga_1.jpg,Administracion,4,6,1
653,true,2022-10-28,2022-08-11,Rabbi,Farlam,Scurlock,imagenes/images.jpg,Ingeniero,2,5,1
654,true,2022-03-12,2022-04-02,Roselia,Licence,Cartan,imagenes/mages_1.jpg,Sistemas,5,6,1
655,true,2022-04-04,2022-11-14,Adrian,Brazur,Letchmore,imagenes/descarga_1.jpg,Sistemas,5,5,1
656,true,2022-06-12,2022-04-14,Giavani,Olphert,Drieu,imagenes/mages_1.jpg,Sistemas,5,2,1
657,false,2023-02-03,2023-01-28,Mariam,Fingleton,Ludl,imagenes/images.jpg,Contabilidad,4,6,1
658,true,2022-02-25,2023-01-27,Terrel,Edworthye,Cervantes,imagenes/images.jpg,Administracion,5,1,1
659,true,2022-03-20,2022-06-06,Emmaline,Trengrouse,Normanvill,imagenes/mages_1.jpg,General,3,6,1
660,false,2022-02-19,2022-05-06,Piggy,Strowthers,Elsley,imagenes/descarga_1.jpg,Derecho,4,6,1
661,true,2022-08-11,2022-04-01,Gage,Pulfer,Juleff,imagenes/mages_1.jpg,General,5,4,1
662,false,2022-10-08,2022-05-07,Winona,Thor,Klosterman,imagenes/mages_1.jpg,Contabilidad,1,3,1
663,true,2022-10-21,2022-09-08,Valentino,Yaknov,Bryson,imagenes/descarga.jpg,Ingeniero,4,5,1
664,true,2023-01-22,2022-11-19,Gris,Rushby,Hurdidge,imagenes/images.jpg,Sistemas,3,6,1
665,true,2022-02-06,2022-08-17,Arabele,Haworth,Hassey,imagenes/images.jpg,Contabilidad,1,3,1
666,false,2022-12-04,2022-05-11,Cob,Bastin,Wylam,imagenes/mages_1.jpg,Derecho,4,5,1
667,true,2023-02-14,2022-09-10,Sauveur,Ockwell,Allnatt,imagenes/images.jpg,Sistemas,1,1,1
668,true,2022-08-14,2022-08-15,Skipper,Koeppke,Deverale,imagenes/images.jpg,Derecho,3,3,1
669,true,2022-08-16,2023-02-01,Twyla,Wardell,Bamborough,imagenes/descarga_1.jpg,Contabilidad,3,2,1
670,false,2022-10-09,2022-06-25,Ester,Gilhooley,Fanti,imagenes/images.jpg,Derecho,1,3,1
671,true,2023-02-17,2023-01-31,Vincent,Geldard,Rubin,imagenes/descarga_1.jpg,Diseño,2,6,1
672,true,2022-07-21,2022-11-10,Webster,Schaumaker,Venditto,imagenes/descarga.jpg,General,4,2,1
673,true,2022-11-04,2022-03-12,Loreen,Squibbs,Tezure,imagenes/descarga.jpg,General,2,3,1
674,false,2022-12-02,2022-06-16,Dolly,Kelshaw,Wathey,imagenes/mages_1.jpg,Administracion,3,2,1
675,true,2022-12-31,2022-05-05,Dael,Pitkeathley,Whitehair,imagenes/mages_1.jpg,Contabilidad,2,1,1
676,false,2022-03-22,2022-12-11,Ronny,Stedall,Ambler,imagenes/mages_1.jpg,Contabilidad,4,5,1
677,true,2023-01-03,2023-02-20,Ode,Klampt,Blythin,imagenes/images.jpg,General,5,5,1
678,true,2022-09-23,2023-02-14,Amory,Luck,McWhirter,imagenes/mages_1.jpg,Derecho,3,6,1
679,false,2022-02-08,2022-05-28,Nester,Aston,Keyser,imagenes/mages_1.jpg,Contabilidad,3,2,1
680,false,2022-06-04,2022-11-09,Turner,Wilbor,Caslin,imagenes/images.jpg,Diseño,3,3,1
681,true,2022-09-05,2023-02-08,Tucky,McGinlay,Doble,imagenes/mages_1.jpg,Ingeniero,2,2,1
682,true,2022-05-11,2023-01-25,Noni,Tollit,Heindrich,imagenes/descarga_1.jpg,Contabilidad,3,6,1
683,false,2022-11-05,2023-01-30,Alameda,Larrett,McDoual,imagenes/descarga.jpg,Ingeniero,5,2,1
684,false,2022-04-27,2022-07-02,De,Lymer,Grimsell,imagenes/descarga.jpg,Diseño,2,5,1
685,true,2022-06-04,2022-06-06,Rosetta,Knibbs,Kundt,imagenes/descarga_1.jpg,Contabilidad,4,4,1
686,false,2022-07-01,2023-02-15,Pavel,Power,Eaglesham,imagenes/mages_1.jpg,Derecho,2,1,1
687,false,2022-10-02,2022-12-27,Derek,Maria,MacEveley,imagenes/descarga_1.jpg,Administracion,3,3,1
688,false,2022-10-02,2022-06-20,Harriett,Hugnet,Tuftin,imagenes/images.jpg,Diseño,2,4,1
689,true,2022-07-06,2022-07-17,Gay,Weeds,Scarr,imagenes/descarga_1.jpg,Diseño,3,3,1
690,true,2022-02-19,2023-01-31,Margaux,Butlin,Windley,imagenes/descarga.jpg,Ingeniero,1,2,1
691,true,2022-05-09,2022-03-26,Ericka,McGebenay,Ronnay,imagenes/mages_1.jpg,Diseño,3,3,1
692,true,2022-04-11,2022-12-11,Brion,Semkins,Zukerman,imagenes/mages_1.jpg,Diseño,1,5,1
693,false,2022-11-13,2022-11-14,Garwin,Berzen,Selbie,imagenes/images.jpg,Administracion,5,3,1
694,false,2022-09-19,2022-09-13,Teresa,Lambertini,Dunsmuir,imagenes/descarga_1.jpg,General,5,6,1
695,true,2022-08-18,2023-01-16,Spencer,Meak,Beasant,imagenes/mages_1.jpg,Contabilidad,5,2,1
696,true,2022-09-08,2022-06-27,Heidi,Stubbert,Merck,imagenes/mages_1.jpg,Contabilidad,3,2,1
697,true,2023-02-01,2022-11-17,Desmond,Mathew,Mager,imagenes/descarga.jpg,Derecho,5,4,1
698,false,2023-02-13,2022-06-14,Alina,Moncaster,Cord,imagenes/images.jpg,Contabilidad,3,5,1
699,true,2022-02-04,2022-07-25,Moritz,Berndtsson,Royan,imagenes/mages_1.jpg,General,3,1,1
700,false,2022-04-26,2022-10-26,Emmye,Harverson,Snufflebottom,imagenes/mages_1.jpg,Contabilidad,5,6,1
701,true,2022-05-18,2022-02-24,Saree,Kinavan,Vigus,imagenes/images.jpg,General,4,5,1
702,true,2022-12-11,2022-07-29,Teriann,Yablsley,Castellone,imagenes/images.jpg,Administracion,2,1,1
703,true,2022-08-05,2023-01-13,Kyla,Siemons,O'Scollain,imagenes/descarga.jpg,Derecho,3,2,1
704,false,2022-10-06,2022-06-14,Lorrie,Farrimond,Sanford,imagenes/images.jpg,Ingeniero,1,1,1
705,true,2022-02-08,2022-12-03,Selie,Dehm,Bauld,imagenes/mages_1.jpg,Sistemas,5,3,1
706,true,2022-05-24,2022-06-18,Della,Springer,Sellman,imagenes/mages_1.jpg,Derecho,4,4,1
707,true,2022-04-26,2022-10-13,Renelle,Stobbie,Scaice,imagenes/mages_1.jpg,Diseño,5,4,1
708,false,2022-03-06,2022-05-30,Johanna,Burlingham,Kersey,imagenes/descarga_1.jpg,Contabilidad,1,3,1
709,true,2022-03-25,2023-01-19,Elsinore,Tombleson,Woolfitt,imagenes/descarga.jpg,Administracion,4,5,1
710,true,2022-03-23,2022-06-17,Mercie,Urrey,Sprankling,imagenes/images.jpg,Ingeniero,2,5,1
711,true,2022-12-29,2022-07-15,Sarina,Oliver-Paull,Corby,imagenes/descarga.jpg,General,1,6,1
712,false,2022-02-03,2022-07-14,Friedrick,Kertess,Hoff,imagenes/descarga_1.jpg,Diseño,1,3,1
713,true,2022-03-19,2022-10-11,Jarret,Howsam,Ricart,imagenes/descarga_1.jpg,Sistemas,3,2,1
714,true,2022-05-04,2022-05-08,Herta,Cullinan,Whalebelly,imagenes/mages_1.jpg,Derecho,5,2,1
715,true,2022-03-31,2022-12-11,Sybila,Uman,Jewers,imagenes/descarga.jpg,Diseño,2,5,1
716,true,2022-11-27,2022-05-22,Jerome,Lies,Rambadt,imagenes/mages_1.jpg,Administracion,3,1,1
717,false,2022-12-18,2022-09-14,Peggie,Agirre,Ramalho,imagenes/images.jpg,Derecho,1,3,1
718,true,2022-10-24,2023-01-04,Oriana,Souttar,Pentercost,imagenes/images.jpg,Derecho,3,5,1
719,true,2023-01-11,2022-07-08,Arny,Andrichak,Heifer,imagenes/images.jpg,Derecho,3,6,1
720,false,2022-07-26,2022-10-28,Packston,Kohnen,Raftery,imagenes/images.jpg,Diseño,3,6,1
721,false,2022-10-08,2022-04-24,Merilyn,Kryzhov,Boice,imagenes/descarga_1.jpg,Administracion,3,6,1
722,false,2022-02-13,2022-12-26,Donavon,Guye,Blakey,imagenes/mages_1.jpg,Contabilidad,4,6,1
723,false,2022-11-15,2022-03-11,Lindy,Eberdt,Collens,imagenes/descarga_1.jpg,Ingeniero,2,1,1
724,true,2022-03-26,2022-12-02,Billie,Arr,Snowball,imagenes/descarga.jpg,General,4,3,1
725,false,2022-10-16,2022-06-30,Vi,Gready,Thrift,imagenes/mages_1.jpg,Derecho,1,2,1
726,true,2023-01-09,2022-09-01,Gaspar,Gantz,Moneypenny,imagenes/descarga_1.jpg,Diseño,4,2,1
727,false,2022-03-04,2022-10-04,Sheryl,Ornillos,Connop,imagenes/descarga_1.jpg,Contabilidad,5,1,1
728,false,2022-06-12,2023-02-06,Rochester,Filshin,Hargreaves,imagenes/images.jpg,General,1,1,1
729,false,2022-11-27,2023-02-01,Kipp,Woliter,Goldspink,imagenes/images.jpg,Sistemas,5,2,1
730,true,2022-03-16,2022-02-28,Beatrice,Elcombe,Golagley,imagenes/descarga.jpg,Contabilidad,1,1,1
731,true,2022-09-25,2022-12-22,Newton,Kemson,Boagey,imagenes/images.jpg,Administracion,1,1,1
732,false,2023-02-04,2022-10-27,Raina,Farrance,Munson,imagenes/images.jpg,General,5,1,1
733,true,2022-09-19,2022-04-28,Duncan,Balasini,Davage,imagenes/mages_1.jpg,Contabilidad,3,6,1
734,true,2022-11-20,2022-09-28,Auria,Rosita,Romanetti,imagenes/mages_1.jpg,Administracion,5,5,1
735,false,2022-02-06,2022-03-12,Taber,McKune,Raynham,imagenes/descarga.jpg,Ingeniero,2,5,1
736,false,2022-09-14,2022-10-19,Ase,Vanyukov,Yankishin,imagenes/descarga_1.jpg,Derecho,4,3,1
737,false,2022-04-23,2022-08-03,Aline,Razoux,St. Hill,imagenes/mages_1.jpg,Derecho,1,1,1
738,true,2022-03-22,2023-01-17,Talia,Nilles,McClurg,imagenes/descarga_1.jpg,Ingeniero,4,5,1
739,true,2022-10-29,2022-11-21,Myrtie,Barnby,Huton,imagenes/mages_1.jpg,General,2,5,1
740,false,2022-12-01,2022-03-18,Deva,Buttle,Eriksson,imagenes/images.jpg,General,4,6,1
741,true,2022-03-01,2022-11-29,Wanids,Quadri,Stredwick,imagenes/images.jpg,General,3,2,1
742,true,2022-09-06,2023-01-17,Ameline,Martyns,Willcock,imagenes/mages_1.jpg,Contabilidad,3,4,1
743,true,2023-01-05,2022-11-12,Odele,Filipczak,Collington,imagenes/mages_1.jpg,Ingeniero,1,4,1
744,true,2022-12-02,2022-07-03,Lorrie,Manueli,Loffel,imagenes/descarga_1.jpg,Contabilidad,5,1,1
745,false,2022-03-25,2023-01-08,Porty,MacCafferty,Crop,imagenes/descarga.jpg,Administracion,5,4,1
746,true,2022-08-13,2022-03-15,Eddie,Farman,Clohissy,imagenes/descarga_1.jpg,Derecho,2,3,1
747,false,2023-01-20,2022-07-21,Saba,Culpin,Dickinson,imagenes/mages_1.jpg,Diseño,4,3,1
748,true,2022-06-09,2023-02-06,Carmen,Binder,Ferrandez,imagenes/descarga_1.jpg,Contabilidad,3,2,1
749,true,2022-11-01,2022-06-04,Helge,Gribbell,Rathbone,imagenes/descarga_1.jpg,Contabilidad,1,2,1
750,true,2022-09-05,2022-12-22,Ianthe,Bockin,Sammons,imagenes/descarga.jpg,Derecho,4,1,1
751,true,2022-09-18,2022-09-03,Had,Vertey,Lodemann,imagenes/mages_1.jpg,Ingeniero,3,3,1
752,true,2022-07-15,2022-04-12,Mata,Buckthorp,Gerold,imagenes/images.jpg,Derecho,4,2,1
753,false,2022-10-31,2022-05-14,Dania,Tampen,Gabbitas,imagenes/images.jpg,Derecho,5,2,1
754,true,2023-01-19,2022-07-21,Rose,Decayette,Kee,imagenes/descarga.jpg,Diseño,1,2,1
755,false,2022-05-06,2022-04-21,Candace,Harrismith,Dennistoun,imagenes/mages_1.jpg,Derecho,2,6,1
756,true,2022-04-17,2022-10-05,Roxana,Yves,Raithby,imagenes/mages_1.jpg,Administracion,4,4,1
757,false,2022-06-14,2022-11-14,Therine,Moloney,Joutapaitis,imagenes/descarga.jpg,Sistemas,5,3,1
758,false,2023-01-04,2022-11-16,Amble,Fulks,deKnevet,imagenes/descarga.jpg,Contabilidad,5,6,1
759,false,2023-01-16,2022-11-14,Farrah,Edmonston,Doxsey,imagenes/descarga_1.jpg,Contabilidad,5,4,1
760,true,2022-08-05,2022-03-29,Arvy,Kubanek,Roelofsen,imagenes/descarga_1.jpg,Ingeniero,5,2,1
761,true,2022-08-28,2022-04-18,Modestine,Imm,Chipps,imagenes/descarga.jpg,Administracion,5,3,1
762,false,2022-02-20,2022-09-11,Eloisa,Beetles,De Hooch,imagenes/images.jpg,Ingeniero,4,5,1
763,false,2022-12-04,2022-11-25,Daren,Meatcher,Brock,imagenes/mages_1.jpg,Administracion,5,6,1
764,false,2022-07-31,2022-03-29,Donnajean,Whithalgh,Whelband,imagenes/mages_1.jpg,Diseño,2,2,1
765,false,2022-03-21,2022-07-02,Katherina,Brient,Pendrid,imagenes/images.jpg,Contabilidad,5,4,1
766,false,2022-10-08,2022-12-02,Xymenes,Rosenbloom,Ealden,imagenes/descarga.jpg,Sistemas,5,2,1
767,true,2022-02-16,2022-04-08,Batsheva,Wiggans,Ritchman,imagenes/descarga.jpg,Ingeniero,4,3,1
768,false,2022-10-18,2022-11-30,Nicoli,Elington,Gaskamp,imagenes/descarga.jpg,Contabilidad,5,5,1
769,true,2022-03-26,2022-06-25,Thoma,Vasyagin,Heersema,imagenes/descarga_1.jpg,Sistemas,2,5,1
770,false,2022-08-07,2022-09-05,Camel,Scandwright,Domingues,imagenes/images.jpg,Administracion,2,6,1
771,false,2023-02-13,2022-12-13,Barrie,Villalta,Dragon,imagenes/mages_1.jpg,Contabilidad,4,1,1
772,true,2022-09-03,2022-12-21,Rene,Pitceathly,Statefield,imagenes/mages_1.jpg,Diseño,3,6,1
773,false,2022-11-08,2022-06-18,Anetta,Teaz,Summerell,imagenes/images.jpg,General,5,3,1
774,false,2022-05-30,2022-03-06,Buiron,Frail,Cochrane,imagenes/descarga.jpg,Contabilidad,2,6,1
775,false,2022-02-27,2023-02-14,Cacilia,Bradford,Cuddehy,imagenes/descarga_1.jpg,Sistemas,2,6,1
776,true,2022-05-09,2023-02-06,Alanna,Kinkaid,Reap,imagenes/mages_1.jpg,Contabilidad,4,3,1
777,false,2022-07-03,2023-01-23,Ailbert,Ponsford,Dunstan,imagenes/descarga.jpg,Sistemas,4,3,1
778,true,2023-02-11,2023-01-18,Clary,Wessel,Maitland,imagenes/images.jpg,Diseño,2,5,1
779,false,2022-11-16,2023-02-16,Bordie,Girardengo,Casier,imagenes/descarga_1.jpg,Administracion,5,5,1
780,true,2022-06-21,2022-04-03,Nikolia,Shattock,Wandless,imagenes/descarga.jpg,Derecho,2,2,1
781,true,2022-12-28,2022-07-06,Hoyt,Christmas,Battrick,imagenes/descarga.jpg,Derecho,4,2,1
782,false,2022-02-11,2023-01-30,Gregorio,Checkley,Sellen,imagenes/descarga_1.jpg,Diseño,4,2,1
783,false,2022-12-05,2022-05-11,Livy,Vogeler,Coggeshall,imagenes/mages_1.jpg,Contabilidad,1,2,1
784,false,2022-02-20,2022-05-19,Crysta,Balfre,Pantry,imagenes/descarga.jpg,Ingeniero,1,2,1
785,true,2023-02-13,2022-06-07,Alexandr,Huitson,Turbefield,imagenes/descarga_1.jpg,Derecho,2,5,1
786,false,2022-03-19,2022-12-05,Christal,Passmore,Vamplers,imagenes/descarga.jpg,General,3,4,1
787,true,2022-07-15,2022-11-27,Stephannie,Bolter,Shorrock,imagenes/images.jpg,Ingeniero,1,2,1
788,false,2023-01-16,2023-02-08,Alecia,Briton,Wands,imagenes/images.jpg,General,5,6,1
789,true,2022-09-07,2022-04-10,Kirstyn,Moubray,Roddick,imagenes/descarga.jpg,Sistemas,1,5,1
790,false,2023-01-14,2022-11-09,Rene,Leuty,Hunton,imagenes/descarga_1.jpg,Contabilidad,2,1,1
791,true,2022-06-24,2022-02-28,Vite,Blakely,Kinzel,imagenes/descarga.jpg,Diseño,1,6,1
792,true,2022-04-12,2022-05-10,Kai,Vardey,Garside,imagenes/mages_1.jpg,General,2,5,1
793,false,2022-11-30,2022-08-22,Elisa,Vose,Deviney,imagenes/images.jpg,Ingeniero,2,1,1
794,false,2022-09-25,2022-05-18,Sholom,Handasyde,Trussler,imagenes/images.jpg,Sistemas,2,1,1
795,true,2022-06-14,2022-08-27,Conrade,Dressel,Cazin,imagenes/images.jpg,Administracion,2,3,1
796,true,2022-06-24,2023-01-20,Reade,Welberry,Britland,imagenes/images.jpg,Ingeniero,1,2,1
797,false,2023-01-27,2022-02-23,Athene,Shieldon,Djuricic,imagenes/images.jpg,Diseño,5,3,1
798,true,2022-07-12,2023-01-01,Caz,Yashnov,de la Valette Parisot,imagenes/mages_1.jpg,Diseño,2,4,1
799,true,2023-02-12,2022-06-18,Odele,Pledge,Cholmondeley,imagenes/descarga_1.jpg,Diseño,1,6,1
800,true,2022-07-15,2022-12-16,Gelya,Lindores,Carney,imagenes/descarga_1.jpg,Sistemas,2,3,1
801,false,2023-01-11,2022-08-26,Keenan,Reddecliffe,MacGarrity,imagenes/mages_1.jpg,Sistemas,4,2,1
802,true,2022-07-02,2022-03-20,Meghann,Tesoe,Stuer,imagenes/descarga.jpg,Administracion,4,4,1
803,false,2022-07-21,2022-10-15,Benedicto,Stainton - Skinn,Burr,imagenes/mages_1.jpg,Administracion,5,1,1
804,true,2022-09-13,2022-03-02,Rowney,Kitman,Winspear,imagenes/images.jpg,Ingeniero,1,3,1
805,true,2022-08-15,2022-04-07,Adora,Oxshott,Cymper,imagenes/descarga_1.jpg,Derecho,4,5,1
806,true,2022-12-22,2022-12-12,Cyndie,Heighton,Really,imagenes/images.jpg,Administracion,1,4,1
807,true,2022-12-08,2022-10-22,Ruth,Dutnall,Baumford,imagenes/descarga_1.jpg,Sistemas,3,1,1
808,false,2022-08-06,2022-04-16,Adan,Romaines,Nuemann,imagenes/mages_1.jpg,General,5,5,1
809,false,2022-12-21,2022-08-28,Tracy,O'Callaghan,Liepina,imagenes/descarga_1.jpg,Derecho,4,3,1
810,true,2022-04-13,2022-09-06,Goldia,Hillen,McArt,imagenes/mages_1.jpg,Diseño,1,5,1
811,false,2022-12-21,2022-05-10,Curtis,Marconi,Bloxholm,imagenes/images.jpg,Diseño,1,2,1
812,true,2022-12-07,2023-02-18,Averyl,Tullett,Worters,imagenes/descarga_1.jpg,Sistemas,1,2,1
813,true,2022-06-28,2022-08-01,Lucilia,Brack,McNelly,imagenes/mages_1.jpg,General,2,1,1
814,true,2022-09-29,2022-05-26,Berti,FitzGibbon,Lezemore,imagenes/mages_1.jpg,General,5,3,1
815,true,2022-09-07,2022-05-08,Calli,Flaonier,Gherardelli,imagenes/descarga_1.jpg,Administracion,5,6,1
816,false,2022-09-22,2022-04-02,Shadow,Gillow,Hendrickson,imagenes/images.jpg,General,3,5,1
817,false,2022-02-25,2022-11-08,Sigmund,McCurt,Corner,imagenes/descarga_1.jpg,General,4,2,1
818,true,2022-12-04,2022-08-24,Luca,Chatin,Swalowe,imagenes/mages_1.jpg,Sistemas,2,1,1
819,true,2023-01-06,2022-09-12,Petronella,Jessen,Strowlger,imagenes/images.jpg,Contabilidad,2,1,1
820,false,2022-12-09,2022-11-14,Lexis,Sivell,Mustill,imagenes/mages_1.jpg,Derecho,3,2,1
821,false,2023-01-10,2022-05-08,Chariot,Riordan,Drioli,imagenes/descarga_1.jpg,Administracion,4,6,1
822,true,2022-09-16,2022-12-14,Iona,Kempe,Kaasmann,imagenes/mages_1.jpg,Ingeniero,4,4,1
823,true,2022-05-15,2023-02-01,Berri,Dunford,Strodder,imagenes/descarga_1.jpg,Sistemas,5,4,1
824,false,2022-05-10,2023-01-01,Andee,Mather,Uwins,imagenes/descarga_1.jpg,General,1,3,1
825,false,2022-02-22,2022-10-22,Sarette,Collcott,Lerwill,imagenes/descarga_1.jpg,Diseño,2,1,1
826,false,2022-12-23,2022-05-19,Penni,McCloughlin,Tiddeman,imagenes/descarga_1.jpg,Diseño,5,3,1
827,false,2023-02-04,2022-03-10,Berti,Kasperski,Bools,imagenes/descarga_1.jpg,Contabilidad,2,5,1
828,true,2022-11-06,2022-03-13,Roxie,Scawen,Bartomieu,imagenes/mages_1.jpg,General,5,2,1
829,false,2022-02-21,2023-02-03,Artus,Normandale,Schimonek,imagenes/descarga.jpg,General,4,4,1
830,true,2023-01-23,2022-07-07,Morley,Casterot,Wooler,imagenes/descarga_1.jpg,Sistemas,3,5,1
831,true,2022-12-16,2022-08-14,Alessandra,Bernadot,Spedding,imagenes/mages_1.jpg,Administracion,3,2,1
832,false,2022-11-19,2022-10-08,Herve,Satterfitt,Towey,imagenes/images.jpg,Derecho,4,1,1
833,false,2022-05-29,2022-04-29,Hugo,Joseland,Sutcliffe,imagenes/images.jpg,Contabilidad,5,2,1
834,false,2022-09-21,2022-11-04,Karon,Lewins,Harner,imagenes/descarga.jpg,Diseño,3,6,1
835,true,2022-11-23,2022-11-12,Mattias,Ledwich,Hellmore,imagenes/mages_1.jpg,Ingeniero,2,6,1
836,false,2022-12-22,2022-04-22,Enriqueta,Bromley,Powis,imagenes/mages_1.jpg,Derecho,2,2,1
837,false,2022-11-20,2022-09-20,Siana,Stag,Baly,imagenes/mages_1.jpg,Diseño,5,6,1
838,true,2022-05-24,2023-02-10,Lothario,Gibbett,Lowle,imagenes/descarga_1.jpg,General,2,5,1
839,false,2022-08-09,2022-03-03,Lita,Upchurch,Longhi,imagenes/descarga.jpg,Contabilidad,4,2,1
840,true,2022-05-06,2022-08-06,Melonie,Riha,McGuffie,imagenes/descarga.jpg,Diseño,4,2,1
841,false,2022-05-01,2023-02-07,Adan,Licciardello,Tawton,imagenes/mages_1.jpg,Derecho,4,1,1
842,true,2022-06-21,2022-06-29,Shirlee,Ratt,Shurrocks,imagenes/images.jpg,Contabilidad,3,5,1
843,false,2022-07-11,2022-06-23,Irene,St. Pierre,Abramov,imagenes/mages_1.jpg,Contabilidad,4,4,1
844,false,2023-02-12,2022-06-01,Mildrid,Scurlock,Bullimore,imagenes/descarga.jpg,Sistemas,1,6,1
845,true,2022-05-12,2022-10-20,Cobb,Kiggel,Lambdean,imagenes/descarga_1.jpg,Contabilidad,2,6,1
846,false,2023-01-07,2022-12-30,Franny,Bennike,Orrobin,imagenes/descarga.jpg,Diseño,1,4,1
847,true,2022-06-26,2022-05-27,Wat,Sunley,Leggat,imagenes/descarga_1.jpg,Ingeniero,5,1,1
848,false,2022-04-13,2022-12-01,Hamil,Willisch,Stirton,imagenes/descarga.jpg,Sistemas,4,4,1
849,false,2022-04-12,2022-06-25,Jilleen,Fitzsimon,Riddiough,imagenes/mages_1.jpg,Sistemas,2,5,1
850,false,2022-07-30,2022-06-16,Amelita,Dillingstone,Friman,imagenes/images.jpg,Ingeniero,4,5,1
851,true,2022-08-25,2023-01-26,Gallard,Birkinshaw,Postlewhite,imagenes/descarga.jpg,Derecho,1,6,1
852,false,2022-03-05,2022-07-03,Rafferty,Jarvie,Josipovic,imagenes/images.jpg,Administracion,1,6,1
853,true,2022-09-25,2022-05-08,Collin,Postins,Lamberto,imagenes/images.jpg,Derecho,4,2,1
854,true,2022-10-06,2022-05-04,Cedric,Goymer,Cleynaert,imagenes/mages_1.jpg,Ingeniero,3,3,1
855,true,2022-04-18,2022-05-16,Crysta,Eubank,Taplin,imagenes/mages_1.jpg,Diseño,3,4,1
856,false,2022-08-02,2022-03-17,Roosevelt,Dmitriev,Grellis,imagenes/mages_1.jpg,Sistemas,3,1,1
857,true,2022-04-15,2022-06-09,Verine,Tender,Andri,imagenes/descarga.jpg,Diseño,2,1,1
858,true,2022-04-05,2023-02-01,Meade,Easum,Chyuerton,imagenes/descarga_1.jpg,Diseño,4,3,1
859,false,2022-03-03,2023-02-15,Lem,Ochterlonie,Franzen,imagenes/descarga.jpg,Ingeniero,3,3,1
860,true,2022-12-05,2023-01-29,Erena,Byers,Fardy,imagenes/descarga_1.jpg,Administracion,5,1,1
861,false,2022-12-03,2022-12-23,Preston,Malser,Legg,imagenes/descarga.jpg,Sistemas,1,5,1
862,false,2023-02-06,2022-11-28,Jeanie,Crosfeld,Stenet,imagenes/mages_1.jpg,Ingeniero,3,3,1
863,true,2022-12-02,2022-07-06,Mathilda,Dankov,Mackleden,imagenes/descarga_1.jpg,Administracion,2,3,1
864,true,2022-09-02,2022-08-20,Margaretta,Chaperling,Sidlow,imagenes/descarga.jpg,Contabilidad,2,2,1
865,true,2022-05-05,2022-07-25,Morry,McConway,Letford,imagenes/descarga_1.jpg,Administracion,5,2,1
866,false,2022-07-21,2022-09-13,Dasi,Barrowcliff,Garland,imagenes/images.jpg,Administracion,3,1,1
867,true,2022-11-03,2022-12-31,Ingelbert,Readitt,Josefson,imagenes/mages_1.jpg,Ingeniero,1,5,1
868,false,2023-01-18,2022-11-15,Merrel,Colling,Delea,imagenes/images.jpg,Derecho,4,4,1
869,false,2022-09-30,2022-05-03,Rodrick,Beathem,Dantesia,imagenes/descarga.jpg,Derecho,2,4,1
870,true,2022-06-15,2022-07-18,Rodolfo,Warr,Clapp,imagenes/mages_1.jpg,Derecho,5,1,1
871,true,2023-01-14,2022-04-29,Tremayne,Gartin,Pranger,imagenes/descarga.jpg,General,1,5,1
872,true,2022-08-28,2022-07-09,Sharon,Acres,Gallie,imagenes/descarga_1.jpg,Contabilidad,1,3,1
873,false,2022-12-21,2022-10-08,Claudell,Faley,Tripett,imagenes/descarga_1.jpg,Ingeniero,5,5,1
874,true,2022-09-12,2022-03-12,Gordie,Pashe,Meert,imagenes/descarga_1.jpg,Administracion,2,3,1
875,true,2022-10-21,2022-12-26,Sly,Darlasson,Mattisssen,imagenes/descarga.jpg,Derecho,5,2,1
876,true,2022-06-18,2022-06-02,Xena,Egginson,Onyon,imagenes/images.jpg,Ingeniero,2,3,1
877,true,2022-08-11,2022-07-12,Justin,Bowdery,Kilcullen,imagenes/mages_1.jpg,Ingeniero,4,4,1
878,false,2022-11-13,2022-07-14,Carry,Edgehill,Whitmore,imagenes/descarga_1.jpg,Contabilidad,4,5,1
879,false,2022-06-07,2022-02-24,Weylin,Setch,Broadbridge,imagenes/images.jpg,Administracion,2,6,1
880,true,2022-07-09,2023-02-14,Nikolaus,Boissieux,Bowne,imagenes/images.jpg,General,2,6,1
881,true,2022-10-30,2022-05-04,Benni,Terram,Grills,imagenes/descarga_1.jpg,Contabilidad,2,6,1
882,true,2023-01-21,2022-09-01,Nerissa,Michele,Kuschel,imagenes/images.jpg,Diseño,1,4,1
883,true,2022-03-31,2022-07-09,Benedicto,Rasor,Benallack,imagenes/images.jpg,Sistemas,4,1,1
884,false,2022-07-17,2023-01-19,Maressa,Adamiec,Giraudoux,imagenes/descarga.jpg,Diseño,1,1,1
885,true,2023-01-22,2022-11-19,Elvera,Currer,Wretham,imagenes/mages_1.jpg,Derecho,5,1,1
886,false,2023-01-08,2022-09-06,Bryan,Dwyr,Biesterfeld,imagenes/images.jpg,Diseño,5,4,1
887,false,2022-11-08,2022-10-08,Ezmeralda,Breffitt,De Roberto,imagenes/mages_1.jpg,Administracion,2,1,1
888,true,2023-02-11,2022-09-17,Ethe,Berkery,Powles,imagenes/images.jpg,Sistemas,2,1,1
889,false,2022-03-01,2022-12-07,Erin,Finden,Scruby,imagenes/descarga.jpg,Diseño,2,5,1
890,false,2023-01-11,2022-10-20,Dorian,Castanyer,Foxwell,imagenes/descarga_1.jpg,Administracion,2,4,1
891,false,2022-07-04,2022-10-30,Mitchael,Turley,Ollerenshaw,imagenes/images.jpg,Ingeniero,1,5,1
892,true,2022-10-03,2022-08-10,Ebony,Joddens,Ragg,imagenes/descarga.jpg,General,4,4,1
893,false,2023-02-18,2023-02-20,Gennifer,Pasby,Earie,imagenes/mages_1.jpg,Administracion,2,3,1
894,true,2022-05-22,2022-07-28,Hettie,Shevlin,Laweles,imagenes/descarga.jpg,Derecho,3,5,1
895,false,2022-06-25,2022-08-30,Myrtle,Sherebrooke,Raatz,imagenes/images.jpg,Administracion,2,4,1
896,true,2022-06-09,2022-07-25,Flemming,Hinchon,Utteridge,imagenes/descarga.jpg,Diseño,2,1,1
897,true,2022-05-04,2022-10-15,Gabbie,Greenier,Proffitt,imagenes/descarga.jpg,Ingeniero,5,6,1
898,true,2022-10-20,2023-01-22,Lorianne,FitzGilbert,Gludor,imagenes/images.jpg,Diseño,3,1,1
899,true,2022-11-11,2022-05-31,Gretel,Eighteen,Gadsdon,imagenes/mages_1.jpg,Sistemas,3,1,1
900,true,2022-07-11,2022-05-08,Neddie,Trudgeon,Whetnall,imagenes/descarga.jpg,General,2,1,1
901,false,2022-07-10,2023-01-13,Lorene,Dericut,Greenroyd,imagenes/descarga_1.jpg,Administracion,4,3,1
902,true,2023-01-13,2023-01-10,Arel,McNae,Gotcliff,imagenes/mages_1.jpg,Sistemas,4,1,1
903,false,2022-10-09,2022-03-17,Maddi,Nichol,Chartman,imagenes/descarga_1.jpg,Contabilidad,5,5,1
904,false,2022-09-10,2022-04-25,Tymothy,Grebert,Keld,imagenes/images.jpg,Derecho,2,3,1
905,true,2022-06-14,2022-08-02,Ryon,Pegler,Rennles,imagenes/images.jpg,Ingeniero,4,5,1
906,true,2023-01-15,2023-02-14,Shena,Mattin,Lydon,imagenes/descarga_1.jpg,General,5,6,1
907,false,2022-07-22,2022-12-05,Stacie,Earles,Stokey,imagenes/mages_1.jpg,Diseño,4,5,1
908,false,2022-05-23,2022-09-01,Francine,Westgate,Cicero,imagenes/mages_1.jpg,Contabilidad,2,1,1
909,false,2022-07-07,2022-09-27,Darsey,Seint,Packman,imagenes/mages_1.jpg,Sistemas,2,2,1
910,false,2022-02-03,2023-02-11,Aloise,Bromley,Dysart,imagenes/mages_1.jpg,Administracion,4,1,1
911,false,2022-02-23,2022-11-24,Bessy,Warmington,Millam,imagenes/descarga.jpg,Sistemas,1,6,1
912,true,2022-06-03,2022-05-16,Sammy,Glendenning,Killough,imagenes/mages_1.jpg,Ingeniero,2,5,1
913,false,2022-06-23,2022-06-29,Raven,Duran,Bew,imagenes/descarga_1.jpg,Sistemas,4,6,1
914,false,2023-02-07,2023-02-14,Lorrie,Royle,Mayow,imagenes/descarga.jpg,Ingeniero,3,6,1
915,false,2022-09-22,2022-09-08,Franciska,Briston,Gilhespy,imagenes/descarga_1.jpg,Derecho,2,5,1
916,true,2022-10-24,2022-06-22,Koenraad,Hatfield,Lynch,imagenes/descarga_1.jpg,Contabilidad,4,1,1
917,false,2022-03-24,2022-07-30,Marthena,Coye,Titcombe,imagenes/descarga.jpg,Administracion,5,1,1
918,false,2022-11-12,2022-08-11,Ethelbert,Bricket,Ivons,imagenes/descarga_1.jpg,Diseño,5,2,1
919,false,2022-03-31,2022-04-01,Wenonah,Mangenet,Vreiberg,imagenes/images.jpg,Derecho,3,4,1
920,false,2023-02-07,2022-12-30,Kass,Clendening,Mansbridge,imagenes/images.jpg,Derecho,3,6,1
921,true,2022-05-02,2022-07-29,Amil,Cornhill,Streater,imagenes/images.jpg,Sistemas,5,2,1
922,false,2022-05-01,2022-05-15,Theo,Trussler,McGroarty,imagenes/mages_1.jpg,Sistemas,5,1,1
923,false,2023-01-22,2022-09-22,Rad,Terrington,Colvie,imagenes/descarga.jpg,Diseño,4,6,1
924,true,2022-04-03,2022-07-18,Jerald,Sherrott,Donovin,imagenes/images.jpg,General,2,3,1
925,false,2022-10-14,2022-11-24,Kyla,Matthis,Gilbey,imagenes/mages_1.jpg,Sistemas,3,6,1
926,false,2022-11-24,2023-02-15,Camille,Terren,Spikeings,imagenes/descarga.jpg,Administracion,2,4,1
927,false,2022-11-25,2022-12-07,Maurita,Barus,Petford,imagenes/descarga.jpg,Contabilidad,5,5,1
928,true,2023-01-15,2022-07-12,Kaitlynn,Coltherd,Bakey,imagenes/descarga_1.jpg,Administracion,4,3,1
929,false,2023-02-10,2022-05-10,Margeaux,Sharrard,Haythornthwaite,imagenes/mages_1.jpg,Sistemas,2,3,1
930,true,2022-12-16,2022-05-12,Derward,Hartland,Sandford,imagenes/descarga.jpg,General,1,4,1
931,false,2023-01-16,2022-11-06,Edgard,Ragsdall,Athy,imagenes/descarga.jpg,Ingeniero,3,6,1
932,false,2022-08-08,2022-08-16,Deanne,Sevior,Benet,imagenes/descarga.jpg,Derecho,1,6,1
933,false,2022-12-13,2022-09-24,Myer,Howcroft,Pretti,imagenes/descarga_1.jpg,General,5,5,1
934,true,2022-08-06,2023-01-07,Gustie,Owttrim,Thurborn,imagenes/descarga_1.jpg,General,2,3,1
935,true,2022-08-06,2022-02-26,Horatia,Houseago,Meiner,imagenes/descarga_1.jpg,Contabilidad,5,1,1
936,true,2022-08-03,2022-04-08,Camala,Smewin,Ewenson,imagenes/descarga_1.jpg,General,2,3,1
937,false,2022-05-18,2023-01-15,Teddi,Collingdon,Foad,imagenes/images.jpg,Diseño,2,1,1
938,false,2022-05-13,2022-04-29,Shelley,Castagneto,MacLaig,imagenes/mages_1.jpg,Diseño,5,3,1
939,true,2023-01-11,2022-12-16,Batsheva,Malster,Vagg,imagenes/images.jpg,Ingeniero,3,2,1
940,false,2022-10-07,2022-02-28,Isadore,Fraanchyonok,Le feuvre,imagenes/mages_1.jpg,Diseño,3,4,1
941,true,2022-11-15,2023-01-09,Chester,Vasenkov,Scarfe,imagenes/images.jpg,General,2,3,1
942,true,2022-06-27,2022-08-14,Taddeusz,Yesinin,Moncrieffe,imagenes/descarga_1.jpg,Ingeniero,3,1,1
943,true,2022-09-28,2022-12-27,Garvy,Duffy,Smitham,imagenes/descarga.jpg,Derecho,3,1,1
944,false,2022-08-15,2022-08-17,Tedie,Vanderson,Magister,imagenes/mages_1.jpg,Diseño,3,2,1
945,true,2022-04-03,2022-05-15,Patrick,Dossett,Bucknill,imagenes/mages_1.jpg,Diseño,5,6,1
946,true,2022-12-08,2022-05-30,Woody,Crocetti,Knoble,imagenes/descarga_1.jpg,Administracion,3,2,1
947,true,2022-03-03,2022-08-15,Natalie,Markovich,Holley,imagenes/mages_1.jpg,General,3,1,1
948,false,2022-03-23,2022-10-09,Moria,Onthank,Bockmann,imagenes/images.jpg,Sistemas,5,1,1
949,false,2023-01-22,2022-12-12,Cele,Swatridge,Pickrill,imagenes/images.jpg,Derecho,2,4,1
950,false,2022-05-10,2023-01-05,Marna,Yurlov,Woodroff,imagenes/mages_1.jpg,Ingeniero,5,3,1
951,false,2022-03-19,2022-09-10,Ardys,Repp,Simak,imagenes/images.jpg,Administracion,2,4,1
952,false,2022-07-16,2022-09-05,Kit,Canny,Bettridge,imagenes/descarga_1.jpg,Derecho,4,3,1
953,false,2022-05-12,2022-09-19,Nealy,Sherborn,Blackah,imagenes/descarga_1.jpg,Sistemas,2,2,1
954,true,2022-11-07,2022-07-19,Star,Challiner,Gabler,imagenes/mages_1.jpg,Administracion,1,3,1
955,true,2022-12-23,2022-12-19,Harrie,Jerrard,Broscombe,imagenes/images.jpg,Administracion,3,3,1
956,false,2022-02-21,2022-11-19,Rosita,McMurthy,Olyet,imagenes/descarga_1.jpg,Administracion,2,6,1
957,true,2022-12-10,2022-07-20,Jaine,Sturzaker,Sheeres,imagenes/images.jpg,Administracion,5,4,1
958,false,2022-07-25,2022-11-30,Gaspard,Greenstreet,McElvogue,imagenes/images.jpg,Sistemas,5,5,1
959,true,2022-07-27,2022-12-18,Armand,Worham,Ewens,imagenes/mages_1.jpg,Administracion,4,5,1
960,false,2022-07-06,2022-05-02,Linda,Balffye,Taunton.,imagenes/descarga.jpg,Contabilidad,1,6,1
961,true,2022-03-03,2022-10-05,Bibbye,Kisar,Paula,imagenes/images.jpg,Ingeniero,4,2,1
962,true,2022-05-22,2022-05-06,Hendrick,Bento,Phelan,imagenes/mages_1.jpg,Sistemas,5,4,1
963,false,2022-02-06,2023-02-10,Lorinda,Daveridge,Farthin,imagenes/images.jpg,Derecho,4,2,1
964,false,2022-03-30,2022-03-08,Garnet,Rewcassell,Rizzardini,imagenes/mages_1.jpg,Administracion,2,5,1
965,true,2022-09-01,2022-05-07,Rocky,Hexam,Greg,imagenes/mages_1.jpg,Administracion,4,5,1
966,true,2022-05-19,2022-03-09,Libbey,Webburn,Letch,imagenes/descarga.jpg,Administracion,4,3,1
967,false,2022-07-29,2022-12-02,Gerrilee,Beller,Ludford,imagenes/descarga.jpg,Diseño,5,4,1
968,true,2022-02-07,2022-07-04,Hilario,Keenleyside,Cusiter,imagenes/images.jpg,Ingeniero,1,1,1
969,false,2022-10-15,2022-03-12,Jody,Gibling,Gegay,imagenes/descarga.jpg,Diseño,2,5,1
970,true,2022-07-28,2022-12-25,Tandi,Gissop,Longo,imagenes/images.jpg,Sistemas,2,5,1
971,false,2022-12-05,2022-07-02,Tarrah,Brammer,Dunkerk,imagenes/images.jpg,Contabilidad,3,2,1
972,true,2022-04-01,2022-03-02,Tildi,McNeachtain,Sheerman,imagenes/descarga_1.jpg,Ingeniero,4,3,1
973,true,2022-04-25,2022-05-26,Iormina,Papa,Toyer,imagenes/descarga.jpg,Administracion,5,1,1
974,false,2022-09-12,2022-06-16,Pennie,Galway,Beadnall,imagenes/descarga.jpg,General,4,4,1
975,false,2022-06-02,2022-08-03,Amii,Carles,Sangwine,imagenes/images.jpg,Ingeniero,2,2,1
976,true,2022-11-23,2022-11-01,Correna,O'Shea,Blacklock,imagenes/descarga.jpg,Contabilidad,4,4,1
977,true,2022-09-12,2022-05-13,Shel,Puddan,Restieaux,imagenes/descarga.jpg,Ingeniero,1,2,1
978,true,2023-01-25,2022-09-30,Archibald,Tootell,Crass,imagenes/mages_1.jpg,Administracion,5,6,1
979,false,2022-11-30,2022-05-05,Angie,Gabb,Garrettson,imagenes/descarga.jpg,Derecho,5,5,1
980,false,2022-06-20,2023-01-11,Alfi,Poulsom,Orrow,imagenes/descarga_1.jpg,General,5,2,1
981,true,2022-07-19,2022-05-18,Sheree,Crompton,Von Hindenburg,imagenes/descarga_1.jpg,Derecho,2,1,1
982,true,2022-04-23,2022-03-25,Wayland,Dank,Greenig,imagenes/descarga.jpg,Derecho,4,3,1
983,false,2022-02-05,2022-04-29,Florri,Dottrell,Harefoot,imagenes/images.jpg,Administracion,3,6,1
984,false,2022-08-23,2023-02-19,Lanae,Schleswig-Holstein,Gorse,imagenes/images.jpg,Derecho,2,1,1
985,true,2022-11-01,2022-06-30,Moina,Peaurt,Matzl,imagenes/mages_1.jpg,Administracion,3,6,1
986,false,2022-05-29,2022-03-13,Conrade,Bartlett,Scard,imagenes/mages_1.jpg,Diseño,4,1,1
987,false,2022-09-09,2022-05-08,Mamie,Sprey,Swaby,imagenes/mages_1.jpg,Derecho,2,6,1
988,false,2023-01-23,2022-10-15,Armando,Billing,Ride,imagenes/descarga.jpg,Diseño,5,1,1
989,true,2022-04-13,2022-10-24,Gibby,Heis,Romney,imagenes/descarga_1.jpg,Sistemas,3,2,1
990,false,2022-08-04,2022-10-11,Salvidor,Ianelli,Wheal,imagenes/descarga.jpg,Administracion,3,4,1
991,false,2022-03-08,2023-01-17,Malvina,Read,Bastin,imagenes/mages_1.jpg,Derecho,2,2,1
992,false,2023-01-24,2022-12-02,Ollie,Bazylets,Feighney,imagenes/mages_1.jpg,Ingeniero,4,2,1
993,false,2022-05-30,2022-12-30,Rosamond,Conybear,Gorst,imagenes/mages_1.jpg,Ingeniero,2,6,1
994,false,2022-06-02,2022-10-04,Wainwright,Vivien,Hendrikse,imagenes/descarga_1.jpg,Diseño,2,5,1
995,false,2022-10-27,2023-01-21,Jefferson,Handforth,Benza,imagenes/descarga_1.jpg,Sistemas,3,5,1
996,true,2022-02-01,2022-09-07,Evangelin,Stooke,Isaac,imagenes/images.jpg,Ingeniero,1,3,1
997,true,2022-08-02,2022-05-02,Shaina,Landreth,Christoffe,imagenes/descarga_1.jpg,Derecho,1,4,1
998,false,2022-05-04,2022-10-02,Waneta,Fee,Dilley,imagenes/images.jpg,General,5,6,1
999,true,2022-05-21,2023-02-08,Wenona,Winton,Pithcock,imagenes/mages_1.jpg,Sistemas,1,5,1
1000,true,2022-03-10,2022-03-19,Westley,Spaxman,Aspray,imagenes/mages_1.jpg,Derecho,1,6,1
